ID,D,Run,Row,Sample.intensity,X49.parameter,D47_raw,D47_SD,D47_final,Temperature,d18O,d13C,Whorl,sample_nr,Year,season_manual,d18O_SD,day,DOY_SD,season_label,T_d18O,DOY,Season
AB002,5,,,,,,,,,-1.5,2.15,,,,,0.1,145.316271,,,,145.316271,
AB007,11,,,,,,,,,-1.36,2.47,,,,,0.1,134.6953955,8.242296725,,,134.6953955,
AB011,16,,,,,,,,,-1.19,1.45,,,,,0.1,134.0920167,8.825503237,,,134.0920167,
AB015,21,,,,,,,,,-0.92,1.34,,,,,0.1,134.2175087,10.06594994,,,134.2175087,
AC001,26,,,,,,,,,-0.64,1.85,,,,,0.1,137.4180389,10.66292936,,,137.4180389,
AC005,31,,,,,,,,,-1.14,0.77,,,,,0.1,139.5313975,10.40008764,,,139.5313975,
AC009,36,,,,,,,,,-0.81,2.15,,,,,0.1,141.891532,10.22723266,,,141.891532,
AC013,41,,,,,,,,,-1.53,0.73,,,,,0.1,144.9943124,9.933988341,,,144.9943124,
AC017,46,,,,,,,,,-1.04,1.65,,,,,0.1,146.2589499,9.302412099,,,146.2589499,
AD002,51,,,,,,,,,-1.13,1.48,,,,,0.1,148.8425512,8.591251041,,,148.8425512,
AD006,56,,,,,,,,,-1.15,0.53,,,,,0.1,150.8128275,7.894696207,,,150.8128275,
AD009,61,,,,,,,,,-1.88,1.21,,,,,0.1,151.8070349,7.320031645,,,151.8070349,
AD013,66,,,,,,,,,-1.46,1.75,,,,,0.1,152.7258153,6.679215053,,,152.7258153,
AD017,71,,,,,,,,,-1.3,1.63,,,,,0.1,156.9212698,6.18919045,,,156.9212698,
AE001,76,,,,,,,,,-1.32,1.74,,,,,0.1,157.0975394,5.796487253,,,157.0975394,
AE005,81,,,,,,,,,-2.02,0.09,,,,,0.1,158.0931626,5.589414013,,,158.0931626,
AE007,86,,,,,,,,,-1.97,1,,,,,0.1,159.5547542,5.407914144,,,159.5547542,
AE013,91,,,,,,,,,-1.68,0.7,,,,,0.1,161.1561242,5.020234823,,,161.1561242,
AE017,96,,,,,,,,,-1.56,1.2,,,,,0.1,162.7036888,4.623721245,,,162.7036888,
AE021,101,,,,,,,,,-1.75,1.06,,,,,0.1,164.5125423,4.404285525,,,164.5125423,
AF001,106,,,,,,,,,-1.98,0.91,,,,,0.1,166.0863941,4.300846088,,,166.0863941,
AF010,117,,,,,,,,,-1.71,0.37,,,,,0.1,169.3832457,4.805260546,,,169.3832457,
AF013,121,,,,,,,,,-1.8,0.67,,,,,0.1,171.0729883,4.930020494,,,171.0729883,
AF017,126,,,,,,,,,-1.8,0.73,,,,,0.1,172.8602738,5.60416637,,,172.8602738,
AF021,131,,,,,,,,,-0.33,0.33,,,,,0.1,174.4507044,6.261172021,,,174.4507044,
AF025,136,,,,,,,,,-1.93,0.19,,,,,0.1,175.8333319,6.845071034,,,175.8333319,
AG004,141,,,,,,,,,-2.1,0.03,,,,,0.1,176.7864943,45.57272949,,,176.7864943,
AG008,146,,,,,,,,,-1.98,0.39,,,,,0.1,177.9952727,41.99684111,,,177.9952727,
AG012,151,,,,,,,,,-1.97,0.34,,,,,0.1,178.915338,52.33172678,,,178.915338,
AG016,156,,,,,,,,,-2.08,0.45,,,,,0.1,180.1778918,22.54580756,,,180.1778918,
AG020,161,,,,,,,,,-1.86,0.26,,,,,0.1,181.286356,42.67693908,,,181.286356,
AG024,166,,,,,,,,,-1.92,0.1,,,,,0.1,182.8439165,21.58207329,,,182.8439165,
AG028,171,,,,,,,,,-1.9,0.32,,,,,0.1,184.3106932,61.94346088,,,184.3106932,
AH004,176,,,,,,,,,-1.76,0.2,,,,,0.1,185.3357609,57.48127569,,,185.3357609,
AH008,181,,,,,,,,,-0.63,0.96,,,,,0.1,186.8169378,18.91585214,,,186.8169378,
AH012,186,,,,,,,,,-2.26,0.26,,,,,0.1,188.6610668,14.7569351,,,188.6610668,
AH016,191,,,,,,,,,-2.44,0.4,,,,,0.1,190.9884493,11.78890366,,,190.9884493,
AH020,196,,,,,,,,,-2.24,0.38,,,,,0.1,193.5123237,11.47329134,,,193.5123237,
AH024,201,,,,,,,,,-2.03,0.27,,,,,0.1,194.4956636,11.89959287,,,194.4956636,
AH028,206,,,,,,,,,-1.94,0.22,,,,,0.1,195.5863966,12.73765376,,,195.5863966,
AI001,211,,,,,,,,,-2.16,-0.02,,,,,0.1,197.1820376,14.48573796,,,197.1820376,
AI005,216,,,,,,,,,-1.87,0.22,,,,,0.1,198.6070073,13.77250322,,,198.6070073,
AI009,221,,,,,,,,,-2.15,0.49,,,,,0.1,199.6895242,12.52605318,,,199.6895242,
AI013,226,,,,,,,,,-2.04,0.48,,,,,0.1,201.0377315,12.25333803,,,201.0377315,
AI017,231,,,,,,,,,-2.23,0.38,,,,,0.1,202.4830259,12.25905998,,,202.4830259,
AI021,236,,,,,,,,,-2.11,0.48,,,,,0.1,203.9318539,12.20960293,,,203.9318539,
AI025,241,,,,,,,,,-2.23,0.22,,,,,0.1,205.3421559,12.33102061,,,205.3421559,
AI029,246,,,,,,,,,-2.48,0.13,,,,,0.1,206.6158359,12.4219365,,,206.6158359,
AI033,251,,,,,,,,,-1.84,0.19,,,,,0.1,207.9313098,12.53786288,,,207.9313098,
AJavg01,252.5,,,,,,,,,-2.12,,,,,,0.1,208.4609256,12.75937439,,,208.4609256,
AJ001,254,,,,,,,,,-2.24,0.37,,,,,0.1,208.7923382,12.74970759,,,208.7923382,
AJ003,260,,,,,,,,,-2.15,0.06,,,,,0.1,210.1211765,12.76183638,,,210.1211765,
AJ005,266,,,,,,,,,-1.41,0.69,,,,,0.1,211.793741,12.69436395,,,211.793741,
AJ007,272,,,,,,,,,-1.46,0.63,,,,,0.1,212.9760054,12.76007889,,,212.9760054,
AJ009,278,,,,,,,,,-1.84,0.26,,,,,0.1,214.9595327,12.92332818,,,214.9595327,
AJ011,284,,,,,,,,,-2.18,0.09,,,,,0.1,216.7681879,13.2545081,,,216.7681879,
AJ013,290,,,,,,,,,-2.07,0.21,,,,,0.1,218.3121768,13.39436196,,,218.3121768,
AJ015,296,,,,,,,,,-2.21,0.3,,,,,0.1,220.0041804,13.49886123,,,220.0041804,
AKavg01,301,,,,,,,,,-1.9,,,,,,0.1,221.4604636,13.54846026,,,221.4604636,
AK001,302,,,,,,,,,-2.21,0.24,,,,,0.1,221.695943,13.59785781,,,221.695943,
AK003,308,,,,,,,,,-2.05,0.51,,,,,0.1,223.1737477,13.6089141,,,223.1737477,
AK005,314,,,,,,,,,-1.62,0.15,,,,,0.1,224.5026377,13.63348185,,,224.5026377,
AK007,320,,,,,,,,,-1.85,0.21,,,,,0.1,225.6713462,13.58427884,,,225.6713462,
AK009,326,,,,,,,,,-1.6,0.15,,,,,0.1,227.5067125,13.65356733,,,227.5067125,
AK011,332,,,,,,,,,-1.67,0.49,,,,,0.1,228.9848936,13.75236034,,,228.9848936,
AK013,338,,,,,,,,,-1.85,0.44,,,,,0.1,230.6873627,13.83279668,,,230.6873627,
AK015,344,,,,,,,,,-1.91,0.44,,,,,0.1,232.2549285,14.69295318,,,232.2549285,
AK017 (2),351,,,,,,,,,-1.89,0.36,,,,,0.1,234.172428,14.1757855,,,234.172428,
AL001,356,,,,,,,,,-1.94,0.51,,,,,0.1,235.7508476,14.02037389,,,235.7508476,
AL003,362,,,,,,,,,-1.61,0.25,,,,,0.1,237.044205,13.979894,,,237.044205,
AL005,368,,,,,,,,,-1.2,0.02,,,,,0.1,238.444175,14.05923069,,,238.444175,
AL007,374,,,,,,,,,-1.44,-0.21,,,,,0.1,240.3830563,14.1488314,,,240.3830563,
AL009,380,,,,,,,,,-2.27,-2.01,,,,,0.1,241.868034,14.23153611,,,241.868034,
AL011,386,,,,,,,,,-1.4,0.22,,,,,0.1,243.7443804,14.3011041,,,243.7443804,
AL013,392,,,,,,,,,-1.28,0.23,,,,,0.1,244.8311601,14.3055628,,,244.8311601,
AL015,398,,,,,,,,,-1.4,0,,,,,0.1,246.646618,14.32107406,,,246.646618,
AL017,404,,,,,,,,,-1.54,0.06,,,,,0.1,247.8664987,14.43767265,,,247.8664987,
AL019,410,,,,,,,,,-1.52,0.03,,,,,0.1,250.1886173,14.72924304,,,250.1886173,
AMavg01,413,,,,,,,,,-1.24,,,,,,0.1,250.5281137,14.69211313,,,250.5281137,
AM001,416,,,,,,,,,-1.53,0.18,,,,,0.1,251.3720865,15.07296739,,,251.3720865,
AM003,422,,,,,,,,,-1.47,0.2,,,,,0.1,252.8569712,14.61078537,,,252.8569712,
AM005,428,,,,,,,,,-1.36,0,,,,,0.1,255.5137257,14.6958964,,,255.5137257,
AM007,434,,,,,,,,,-1.42,0.01,,,,,0.1,256.4383651,14.71177332,,,256.4383651,
AM009,440,,,,,,,,,-1.33,0.04,,,,,0.1,258.9470629,14.71259089,,,258.9470629,
AM011,446,,,,,,,,,-1.24,-0.07,,,,,0.1,260.3714484,14.77137371,,,260.3714484,
AM013,452,,,,,,,,,-1.13,-0.11,,,,,0.1,261.6784643,14.90340736,,,261.6784643,
AM015,458,,,,,,,,,-1.44,-0.01,,,,,0.1,261.451393,14.93188937,,,261.451393,
AM017,464,,,,,,,,,-1.28,0.03,,,,,0.1,262.0409234,15.27518103,,,262.0409234,
AM019,470,,,,,,,,,-1.54,0.19,,,,,0.1,265.2393192,16.76697534,,,265.2393192,
AM021,476,,,,,,,,,-1.76,0.11,,,,,0.1,266.6988874,17.70372552,,,266.6988874,
AN001,482,,,,,,,,,-1.3,0.25,,,,,0.1,265.3582783,17.286932,,,265.3582783,
AN003,488,,,,,,,,,-1.04,0.25,,,,,0.1,267.2268351,15.49489814,,,267.2268351,
AN005(2),495,,,,,,,,,-0.97,0.1,,,,,0.1,271.0902916,15.15767719,,,271.0902916,
AN007,500,,,,,,,,,-0.7,0.24,,,,,0.1,273.9634171,15.1357737,,,273.9634171,
AN009,506,,,,,,,,,-0.67,0.31,,,,,0.1,278.4150396,15.22013448,,,278.4150396,
AN011,512,,,,,,,,,-0.59,0.31,,,,,0.1,280.8788158,15.29450759,,,280.8788158,
AN013,518,,,,,,,,,-0.76,0.36,,,,,0.1,284.12256,15.49756026,,,284.12256,
AN015,524,,,,,,,,,-0.65,0.39,,,,,0.1,288.3239139,15.63752365,,,288.3239139,
AN017,530,,,,,,,,,-0.51,0.43,,,,,0.1,288.3387374,16.91668729,,,288.3387374,
AN019,536,,,,,,,,,-0.5,0.45,,,,,0.1,296.6342065,16.13706535,,,296.6342065,
AN021,542,,,,,,,,,-0.68,0.57,,,,,0.1,300.919052,16.49639268,,,300.919052,
AN022,545,,,,,,,,,-0.31,0.69,,,,,0.1,300.427297,16.66811451,,,300.427297,
AN023,548,,,,,,,,,-0.67,0.72,,,,,0.1,302.1898512,16.8944812,,,302.1898512,
AN024,551,,,,,,,,,-0.44,1.01,,,,,0.1,308.6701851,17.26216904,,,308.6701851,
AN025,554,,,,,,,,,-0.41,0.74,,,,,0.1,312.9759806,18.11812481,,,312.9759806,
AO000,557,,,,,,,,,-0.01,0.89,,,,,0.1,318.1203768,18.88791679,,,318.1203768,
AO001,560,,,,,,,,,-0.08,0.89,,,,,0.1,322.0499033,20.37119973,,,322.0499033,
AO002,563,,,,,,,,,0.19,1.34,,,,,0.1,329.0510371,22.68320853,,,329.0510371,
AO003,566,,,,,,,,,0.03,1.21,,,,,0.1,330.6819643,25.61847272,,,330.6819643,
AO004,569,,,,,,,,,0.18,1.26,,,,,0.1,342.3121383,27.81586308,,,342.3121383,
AO005,572,,,,,,,,,0.03,1.28,,,,,0.1,348.5195669,30.02618773,,,348.5195669,
AO806,573.5,,,,,,,,,0.77,2.03,,,,,0.1,385.4598474,33.05774712,,,20.4598474,
AO006,575,,,,,,,,,0.2,2.22,,,,,0.1,422.4001279,36.08930651,,,57.4001279,
AO007,578,,,,,,,,,-0.77,1.01,,,,,0.1,450.3897071,40.77538641,,,85.3897071,
AO008,581,,,,,,,,,-0.36,1.36,,,,,0.1,476.0266734,24.93952291,,,111.0266734,
AO009,584,,,,,,,,,-0.86,1,,,,,0.1,480.818958,18.66179644,,,115.818958,
AO010,587,,,,,,,,,-0.41,1.44,,,,,0.1,479.3781189,15.45369946,,,114.3781189,
AO011,590,,,,,,,,,-0.86,1.13,,,,,0.1,484.5918163,14.67661307,,,119.5918163,
AO012,593,,,,,,,,,-0.46,1.62,,,,,0.1,485.0157524,13.92460513,,,120.0157524,
AO013,596,,,,,,,,,-0.89,1.1,,,,,0.1,489.1929333,13.47790011,,,124.1929333,
AO015,602,,,,,,,,,-0.8,1.2,,,,,0.1,492.662655,12.56117766,,,127.662655,
AO017,608,,,,,,,,,-0.84,0.76,,,,,0.1,497.0090086,11.83396254,,,132.0090086,
AO019,614,,,,,,,,,-0.97,0.65,,,,,0.1,499.8829682,12.55745244,,,134.8829682,
AO021,620,,,,,,,,,-1.22,0.25,,,,,0.1,502.8357411,11.80916513,,,137.8357411,
AO023,626,,,,,,,,,-1.27,0.28,,,,,0.1,503.497112,11.61392492,,,138.497112,
AO025(2),632,,,,,,,,,-1.2,0.3,,,,,0.1,506.0172792,10.93924758,,,141.0172792,
AP601a,634.5,,,,,,,,,-1.1,0.37,,,,,0.1,507.2865311,10.15570682,,,142.2865311,
APavg01,635.5,,,,,,,,,-1.17,,,,,,0.1,508.19805,9.726592909,,,143.19805,
AP101,635.5,,,,,,,,,-1.16,,,,,,0.1,508.19805,9.726592909,,,143.19805,
AP201,635.5,,,,,,,,,,,,,,,0.1,508.19805,9.726592909,,,143.19805,
AP301,635.5,,,,,,,,,-1.05,,,,,,0.1,508.19805,9.726592909,,,143.19805,
AP401,635.5,,,,,,,,,-1.19,,,,,,0.1,508.19805,9.726592909,,,143.19805,
AP501,635.5,,,,,,,,,-1.28,,,,,,0.1,508.19805,9.726592909,,,143.19805,
AP001,638,,,,,,,,,-1.29,0.2,,,,,0.1,509.3933067,9.627984429,,,144.3933067,
AP003,644,,,,,,,,,-1.38,0.2,,,,,0.1,511.8345443,9.447717495,,,146.8345443,
AP005,650,,,,,,,,,-1.32,0.14,,,,,0.1,513.3443817,9.252272476,,,148.3443817,
AP007,656,,,,,,,,,-1.35,0.35,,,,,0.1,513.9858167,9.13351044,,,148.9858167,
AP009,662,,,,,,,,,-1.5,0.21,,,,,0.1,516.9013186,9.017323214,,,151.9013186,
AP011,668,,,,,,,,,-1.6,0.13,,,,,0.1,515.8813623,10.35310944,,,150.8813623,
AP013,674,,,,,,,,,-1.45,0.1,,,,,0.1,517.6314363,10.49416902,,,152.6314363,
AP015,680,,,,,,,,,-1.6,0.09,,,,,0.1,519.1640514,10.84745068,,,154.1640514,
AP017,686,,,,,,,,,-1.68,0.16,,,,,0.1,523.7413085,8.745723244,,,158.7413085,
AP019,692,,,,,,,,,-1.62,0.35,,,,,0.1,526.5851376,8.755034276,,,161.5851376,
AP021,698,,,,,,,,,-1.8,1.22,,,,,0.1,528.5216376,8.832914411,,,163.5216376,
AP023,704,,,,,,,,,-1.91,1.29,,,,,0.1,530.9018654,8.870931355,,,165.9018654,
AP025,710,,,,,,,,,-2.07,1.22,,,,,0.1,532.7050364,9.024598154,,,167.7050364,
AP027,716,,,,,,,,,,1.22,,,,,0.1,532.8324891,10.11257338,,,167.8324891,
AQavg01,718,,,,,,,,,-1.92,,,,,,0.1,532.9599418,11.20054861,,,167.9599418,
AQ101,718,,,,,,,,,-1.87,,,,,,0.1,532.9599418,11.20054861,,,167.9599418,
AQ201,718,,,,,,,,,-1.93,,,,,,0.1,532.9599418,11.20054861,,,167.9599418,
AQ301,718,,,,,,,,,-1.96,,,,,,0.1,532.9599418,11.20054861,,,167.9599418,
AQ401,718,,,,,,,,,-1.9,,,,,,0.1,532.9599418,11.20054861,,,167.9599418,
AQ501,718,,,,,,,,,-1.92,,,,,,0.1,532.9599418,11.20054861,,,167.9599418,
AQ001,722,,,,,,,,,-2.03,1.32,,,,,0.1,534.2350776,8.877050632,,,169.2350776,
AQ003,728,,,,,,,,,-1.95,1.29,,,,,0.1,538.4022061,9.319423566,,,173.4022061,
AQ005,734,,,,,,,,,-1.95,1.33,,,,,0.1,540.178656,11.56094116,,,175.178656,
AQ007,740,,,,,,,,,-2.04,1.15,,,,,0.1,540.1800067,9.070822835,,,175.1800067,
AQ009,746,,,,,,,,,-1.97,1.01,,,,,0.1,543.4698677,13.47436847,,,178.4698677,
AQ011,752,,,,,,,,,-2.06,0.86,,,,,0.1,543.3261333,9.060191517,,,178.3261333,
AQ013,758,,,,,,,,,-2.16,0.97,,,,,0.1,544.8076419,9.86458019,,,179.8076419,
AQ015,764,,,,,,,,,-2.07,0.75,,,,,0.1,547.3142387,11.4277052,,,182.3142387,
AQ017,770,,,,,,,,,-2.16,0.62,,,,,0.1,549.1505916,11.65968515,,,184.1505916,
AQ019,776,,,,,,,,,-2.01,0.8,,,,,0.1,550.9336454,12.92293019,,,185.9336454,
AQ021,782,,,,,,,,,-2.22,0.61,,,,,0.1,552.488841,13.42072757,,,187.488841,
AQ023,788,,,,,,,,,-2.24,0.62,,,,,0.1,554.0604083,12.33414915,,,189.0604083,
AQ025,794,508,27,18607,0.038,-0.243,0.1,0.568,34.1,-2.79,0.67,AQ,25,2,summer,0.1,556.1204751,10.07800192,3,28.5856,191.1204751,summer
AQ027,800,506,24,16064,0.065,-0.237,0.119,0.581,29.4,-2.98,0.53,AQ,27,2,summer,0.1,558.0209776,9.672120139,3,29.4102,193.0209776,summer
AR001,806,508,32,20089,0.034,-0.252,0.103,0.559,37.6,-2.58,0.7,AR,1,2,summer,0.1,559.7602501,9.205852789,3,27.6742,194.7602501,summer
ARavg01,808,,,,,,,,,-2.07,,,,,,0.1,560.6702785,9.078609525,,,195.6702785,
AR101,808,,,,,,,,,-2.05,,,,,,0.1,560.6702785,9.078609525,,,195.6702785,
AR201,808,,,,,,,,,-2.13,,,,,,0.1,560.6702785,9.078609525,,,195.6702785,
AR301,808,,,,,,,,,-2.03,,,,,,0.1,560.6702785,9.078609525,,,195.6702785,
AR401,808,,,,,,,,,-2.07,,,,,,0.1,560.6702785,9.078609525,,,195.6702785,
AR501,808,,,,,,,,,,,,,,,0.1,560.6702785,9.078609525,,,195.6702785,
AR601a,810,,,,,,,,,-2.02,0.57,,,,,0.1,560.8978536,8.979404007,,,195.8978536,
AR003,812,506,36,21857,0.01,-0.161,0.114,0.574,31.9,-2.93,0.38,AR,3,2,summer,0.1,562.0838164,9.074675271,3,29.1932,197.0838164,summer
AR005,818,508,39,14157,0.073,-0.254,0.121,0.556,38.9,-2.72,0.61,AR,5,2,summer,0.1,563.6567065,9.500140113,3,28.2818,198.6567065,summer
AR007,824,,,,,,,,,-2.33,0.5,,,,,0.1,565.2412901,9.682825734,,,200.2412901,
AR009,830,,,,,,,,,-2.35,0.42,,,,,0.1,566.9426566,9.638515623,,,201.9426566,
AR011,836,,,,,,,,,-2.44,0.53,,,,,0.1,568.5426252,9.669817927,,,203.5426252,
AR013,842,,,,,,,,,-2.17,0.79,,,,,0.1,570.2170374,9.71279703,,,205.2170374,
AT015,1058,501,39,15671,0.046,-0.224,0.111,0.55,40.9,-2.01,0.95,AT,15,2,autumn,0.1,626.7229717,9.788080699,4,25.2004,261.7229717,autumn
AT015,1058,502,17,16522,0.066,-0.232,0.118,0.585,28.1,-1.46,0.48,AT,15,2,autumn,0.1,626.7229717,9.788080699,4,22.8134,261.7229717,autumn
AT015,1058,503,29,19308,0.028,-0.209,0.109,0.582,29.3,-1.75,0.42,AT,15,2,autumn,0.1,626.7229717,9.788080699,4,24.072,261.7229717,autumn
AT015,1058,503,33,18534,0.025,-0.266,0.111,0.544,43.4,-1.81,0.4,AT,15,2,autumn,0.1,626.7229717,9.788080699,4,24.3324,261.7229717,autumn
AT015,1058,506,6,16424,0.139,-0.21,0.112,0.643,9.5,-1.84,0.32,AT,15,2,autumn,0.1,626.7229717,9.788080699,4,24.4626,261.7229717,autumn
AT015,1058,507,5,15098,0.231,-0.177,0.1,0.583,28.6,-1.58,0.41,AT,15,2,autumn,0.1,626.7229717,9.788080699,4,23.3342,261.7229717,autumn
AT015,1058,507,8,15014,0.132,-0.189,0.122,0.552,40.4,-1.4,0.74,AT,15,2,autumn,0.1,626.7229717,9.788080699,4,22.553,261.7229717,autumn
AT017,1064,501,27,20125,0.008,-0.26,0.108,0.61,19.7,-1.63,1.18,AT,17,2,autumn,0.1,628.9436232,9.752750903,4,23.5512,263.9436232,autumn
AT017,1064,502,5,19335,0.057,-0.286,0.115,0.59,26.1,-1.57,0.41,AT,17,2,autumn,0.1,628.9436232,9.752750903,4,23.2908,263.9436232,autumn
AT017,1064,503,27,14989,0.063,-0.184,0.136,0.623,15.7,-1.78,0.39,AT,17,2,autumn,0.1,628.9436232,9.752750903,4,24.2022,263.9436232,autumn
AT017,1064,503,39,19034,0.026,-0.195,0.099,0.602,22.3,-1.75,0.4,AT,17,2,autumn,0.1,628.9436232,9.752750903,4,24.072,263.9436232,autumn
AT017,1064,506,9,9007,0.13,-0.251,0.113,0.601,22.4,-1.43,0.42,AT,17,2,autumn,0.1,628.9436232,9.752750903,4,22.6832,263.9436232,autumn
AT017,1064,507,11,13299,0.163,-0.132,0.115,0.618,17.2,-1.89,0.32,AT,17,2,autumn,0.1,628.9436232,9.752750903,4,24.6796,263.9436232,autumn
AT017,1064,507,14,10947,0.181,-0.183,0.117,0.585,28.2,-1.4,0.46,AT,17,2,autumn,0.1,628.9436232,9.752750903,4,22.553,263.9436232,autumn
AT019,1070,501,30,20818,-0.007,-0.252,0.074,0.612,19,-2.1,0.68,AT,19,2,autumn,0.1,631.7838105,9.709510785,4,25.591,266.7838105,autumn
AT019,1070,502,24,22731,-0.017,-0.284,0.121,0.584,28.3,-1.5,0.21,AT,19,2,autumn,0.1,631.7838105,9.709510785,4,22.987,266.7838105,autumn
AT019,1070,502,35,21961,-0.023,-0.249,0.096,0.569,33.7,-1.65,0.2,AT,19,2,autumn,0.1,631.7838105,9.709510785,4,23.638,266.7838105,autumn
AT019,1070,503,32,23520,-0.009,-0.231,0.115,0.581,29.5,-1.39,0.32,AT,19,2,autumn,0.1,631.7838105,9.709510785,4,22.5096,266.7838105,autumn
AT019,1070,506,15,15607,0.085,-0.242,0.106,0.61,19.5,-1.28,0.28,AT,19,2,autumn,0.1,631.7838105,9.709510785,4,22.0322,266.7838105,autumn
AT019,1070,506,18,22003,0.039,-0.204,0.101,0.65,7.6,-1.69,0.2,AT,19,2,autumn,0.1,631.7838105,9.709510785,4,23.8116,266.7838105,autumn
AT021,1076,502,6,20656,0.058,-0.318,0.107,0.559,37.7,-1.41,0.15,AT,21,2,autumn,0.1,633.6115029,9.406256984,4,22.5964,268.6115029,autumn
AT021,1076,503,26,20483,0.028,-0.237,0.1,0.569,33.9,-1.46,0.2,AT,21,2,autumn,0.1,633.6115029,9.406256984,4,22.8134,268.6115029,autumn
AT021,1076,503,30,24528,-0.031,-0.215,0.089,0.575,31.4,-1.51,0.18,AT,21,2,autumn,0.1,633.6115029,9.406256984,4,23.0304,268.6115029,autumn
AT021,1076,504,5,16945,0.038,-0.329,0.104,0.517,54.8,-1.35,0.18,AT,21,2,autumn,0.1,633.6115029,9.406256984,4,22.336,268.6115029,autumn
AT021,1076,506,27,22021,0.009,-0.276,0.1,0.551,40.5,-1.38,0.19,AT,21,2,autumn,0.1,633.6115029,9.406256984,4,22.4662,268.6115029,autumn
AT021,1076,508,26,19252,0.065,-0.252,0.092,0.558,37.8,-1.53,0.21,AT,21,2,autumn,0.1,633.6115029,9.406256984,4,23.1172,268.6115029,autumn
AT021,1076,508,29,12712,0.106,-0.172,0.14,0.608,20.5,-1.5,0.25,AT,21,2,autumn,0.1,633.6115029,9.406256984,4,22.987,268.6115029,autumn
AR023,872,,,,,,,,,-2.18,0.93,,,,,0.1,578.2908258,9.496835091,,,213.2908258,
AR025,878,,,,,,,,,-2.21,0.86,,,,,0.1,580.1822773,10.82626901,,,215.1822773,
AR027,884,,,,,,,,,-2.16,0.89,,,,,0.1,581.8823904,10.72000015,,,216.8823904,
AR029,890,,,,,,,,,-2.47,0.93,,,,,0.1,583.3150212,11.4173614,,,218.3150212,
AR031,896,,,,,,,,,-2.24,0.87,,,,,0.1,585.0734289,10.75645078,,,220.0734289,
AR033,902,,,,,,,,,-2.29,1.04,,,,,0.1,586.4523051,10.00155194,,,221.4523051,
ASavg01,906,,,,,,,,,-2.09,,,,,,0.1,587.6998835,10.67123817,,,222.6998835,
AS101,906,,,,,,,,,-1.92,,,,,,0.1,587.6998835,10.67123817,,,222.6998835,
AS201,906,,,,,,,,,-2.13,,,,,,0.1,587.6998835,10.67123817,,,222.6998835,
AS301,906,,,,,,,,,,,,,,,0.1,587.6998835,10.67123817,,,222.6998835,
AS401,906,,,,,,,,,-2.1,,,,,,0.1,587.6998835,10.67123817,,,222.6998835,
AS501,906,,,,,,,,,-2.23,,,,,,0.1,587.6998835,10.67123817,,,222.6998835,
AS001,908,,,,,,,,,-2.42,0.91,,,,,0.1,588.4260367,11.55024022,,,223.4260367,
AS003,914,,,,,,,,,-2.4,1.19,,,,,0.1,589.979254,10.22494159,,,224.979254,
AS701,918,,,,,,,,,-2.43,1.18,,,,,0.1,591.1417625,9.765342253,,,226.1417625,
AS005,920,,,,,,,,,-2.24,1.38,,,,,0.1,591.4949633,9.325185308,,,226.4949633,
AS007,926,,,,,,,,,-2.09,1.47,,,,,0.1,593.316175,8.992467507,,,228.316175,
AS009,932,,,,,,,,,-2.06,1.39,,,,,0.1,594.2004431,8.69365773,,,229.2004431,
AS011(2),939,,,,,,,,,-2.06,0.67,,,,,0.1,595.9960336,8.455036051,,,230.9960336,
AS013,944,,,,,,,,,-1.82,0.31,,,,,0.1,598.0258523,8.391288212,,,233.0258523,
AS702,948,,,,,,,,,-1.77,0.03,,,,,0.1,598.5399737,8.283721428,,,233.5399737,
AS015,950,,,,,,,,,-1.88,-0.19,,,,,0.1,599.2881125,8.248380426,,,234.2881125,
AS017,956,,,,,,,,,-1.69,-0.13,,,,,0.1,601.01816,8.199569181,,,236.01816,
AS019,962,,,,,,,,,-1.74,-0.06,,,,,0.1,602.4370696,8.127524712,,,237.4370696,
AS021,968,,,,,,,,,-1.48,0.3,,,,,0.1,604.2435279,8.086607945,,,239.2435279,
AS023,974,,,,,,,,,-1.65,0.26,,,,,0.1,607.5706853,8.108721409,,,242.5706853,
AS025,980,,,,,,,,,-1.57,0.17,,,,,0.1,608.6735042,8.100946362,,,243.6735042,
AS027,986,,,,,,,,,-1.48,0.28,,,,,0.1,610.0391549,8.102961796,,,245.0391549,
AS029,992,,,,,,,,,-1.4,0.37,,,,,0.1,612.1626901,8.34772734,,,247.1626901,
AS031,998,,,,,,,,,-1.43,0.28,,,,,0.1,614.0907939,9.565859682,,,249.0907939,
AS703,1000,,,,,,,,,-1.54,0.23,,,,,0.1,614.3875136,10.81796488,,,249.3875136,
AS033,1004,,,,,,,,,-1.41,0.28,,,,,0.1,616.294734,14.53679008,,,251.294734,
AS035,1010,,,,,,,,,-1.39,0.45,,,,,0.1,617.9482681,17.231025,,,252.9482681,
ATavg01,1014,,,,,,,,,-1.39,,,,,,0.1,618.3929316,14.96090313,,,253.3929316,
AT101,1014,,,,,,,,,-1.57,,,,,,0.1,618.3929316,14.96090313,,,253.3929316,
AT201,1014,,,,,,,,,-1.31,,,,,,0.1,618.3929316,14.96090313,,,253.3929316,
AT301,1014,,,,,,,,,-1.38,,,,,,0.1,618.3929316,14.96090313,,,253.3929316,
AT401,1014,,,,,,,,,-1.32,,,,,,0.1,618.3929316,14.96090313,,,253.3929316,
AT501,1014,,,,,,,,,-1.36,,,,,,0.1,618.3929316,14.96090313,,,253.3929316,
AT001,1016,,,,,,,,,-1.46,0.44,,,,,0.1,618.008808,17.48262058,,,253.008808,
AT003,1022,,,,,,,,,-1.52,0.24,,,,,0.1,621.6330637,20.14807313,,,256.6330637,
AT005,1028,,,,,,,,,-1.46,0.26,,,,,0.1,621.3702366,14.60784908,,,256.3702366,
AT007,1034,,,,,,,,,-1.55,0.71,,,,,0.1,624.241958,10.36812719,,,259.241958,
AT009,1040,,,,,,,,,-1.34,0.29,,,,,0.1,624.4588924,9.621517597,,,259.4588924,
AT011,1046,,,,,,,,,-1.53,0.29,,,,,0.1,624.3283341,14.33725991,,,259.3283341,
AT013,1052,,,,,,,,,-1.19,0.34,,,,,0.1,624.8768341,16.93001726,,,259.8768341,
AT015,1058,,,,,,,,,-1.21,0.45,,,,,0.1,626.7229717,11.12735798,,,261.7229717,
AT017,1064,,,,,,,,,-1.19,0.52,,,,,0.1,628.9436232,10.89595355,,,263.9436232,
AT019,1070,,,,,,,,,-1.17,0.3,,,,,0.1,631.7838105,12.59213273,,,266.7838105,
AT701,1074,501,42,19620,0.027,-0.189,0.113,0.592,25.7,-1.49,0.87,AT,701,2,autumn,0.1,631.6752391,18.83587157,4,22.9436,266.6752391,autumn
AT701,1074,502,27,22221,0.004,-0.249,0.112,0.594,25,-1.65,0.12,AT,701,2,autumn,0.1,631.6752391,18.83587157,4,23.638,266.6752391,autumn
AT701,1074,502,33,17178,0.064,-0.218,0.104,0.601,22.7,-1.61,0.15,AT,701,2,autumn,0.1,631.6752391,18.83587157,4,23.4644,266.6752391,autumn
AT701,1074,503,38,22141,-0.077,-0.273,0.1,0.521,53.3,-1.47,0.2,AT,701,2,autumn,0.1,631.6752391,18.83587157,4,22.8568,266.6752391,autumn
AT701,1074,506,20,18174,0.06,-0.246,0.116,0.589,26.6,-1.58,0.16,AT,701,2,autumn,0.1,631.6752391,18.83587157,4,23.3342,266.6752391,autumn
AT701,1074,508,23,12166,0.096,-0.28,0.113,0.552,40.2,-1.7,0.19,AT,701,2,autumn,0.1,631.6752391,18.83587157,4,23.855,266.6752391,autumn
AT701,1074,508,24,18507,0.057,-0.271,0.111,0.562,36.4,-1.55,0.2,AT,701,2,autumn,0.1,631.6752391,18.83587157,4,23.204,266.6752391,autumn
AT021,1076,,,,,,,,,-1.31,0.09,,,,,0.1,633.6115029,21.76284146,,,268.6115029,
AT702,1080,,,,,,,,,-1.21,0.12,,,,,0.1,633.4527266,22.41736393,,,268.4527266,
AT023,1082,,,,,,,,,-1.05,0.22,,,,,0.1,635.4632627,18.93496656,,,270.4632627,
AT025,1088,,,,,,,,,-1.1,0.25,,,,,0.1,636.6323806,19.42077386,,,271.6323806,
AT027,1094,,,,,,,,,-1.03,0.18,,,,,0.1,637.7639435,26.1262185,,,272.7639435,
AT029,1100,,,,,,,,,-1.04,0.3,,,,,0.1,640.5182883,21.40009083,,,275.5182883,
AT031,1106,,,,,,,,,-0.83,0.57,,,,,0.1,644.5302054,13.70018769,,,279.5302054,
AT033,1112,,,,,,,,,-0.59,0.63,,,,,0.1,648.0921649,13.52383353,,,283.0921649,
AT034,1115,,,,,,,,,-0.48,0.94,,,,,0.1,651.6991329,13.19056241,,,286.6991329,
AT035,1118,,,,,,,,,-0.65,0.51,,,,,0.1,652.7509957,13.72094956,,,287.7509957,
AT036,1121,,,,,,,,,-0.49,0.52,,,,,0.1,656.1265357,13.80261102,,,291.1265357,
AT037,1124,,,,,,,,,-0.62,0.72,,,,,0.1,659.0173399,13.83147127,,,294.0173399,
AT038,1127,,,,,,,,,-0.28,0.93,,,,,0.1,663.0199938,15.37162499,,,298.0199938,
AT601a,1128,,,,,,,,,-0.5,0.82,,,,,0.1,668.1074184,15.42097332,,,303.1074184,
AT039,1130,,,,,,,,,-0.44,0.63,,,,,0.1,669.942213,16.30913914,,,304.942213,
AUavg01,1133,,,,,,,,,-0.22,,,,,,0.1,679.3699404,16.90035267,,,314.3699404,
AU101,1133,,,,,,,,,-0.19,,,,,,0.1,679.3699404,16.90035267,,,314.3699404,
AU201,1133,,,,,,,,,-0.21,,,,,,0.1,679.3699404,16.90035267,,,314.3699404,
AU301,1133,,,,,,,,,-0.19,,,,,,0.1,679.3699404,16.90035267,,,314.3699404,
AU401,1133,,,,,,,,,-0.33,,,,,,0.1,679.3699404,16.90035267,,,314.3699404,
AU501,1133,,,,,,,,,-0.19,,,,,,0.1,679.3699404,16.90035267,,,314.3699404,
AU001,1136,,,,,,,,,-0.39,0.74,,,,,0.1,685.3943644,17.47736067,,,320.3943644,
AU002,1139,503,15,14951,0.065,-0.262,0.127,0.58,29.7,-0.38,1.04,AU,2,2,winter,0.1,693.7653394,18.5539093,5,18.1262,328.7653394,winter
AU002,1139,500,6,18694,0.112,-0.245,0.104,0.609,20.1,-0.2,1.02,AU,2,2,winter,0.1,693.7653394,18.5539093,5,17.345,328.7653394,winter
AU002,1139,502,11,15112,0.098,-0.256,0.13,0.586,27.8,-0.15,1.03,AU,2,2,winter,0.1,693.7653394,18.5539093,5,17.128,328.7653394,winter
AU003,1142,500,41,17874,0.065,-0.229,0.135,0.609,20,-0.8,0.06,AU,3,2,winter,0.1,699.7018916,22.24058269,5,19.949,334.7018916,winter
AU003,1142,502,30,24125,-0.024,-0.261,0.087,0.582,29,-0.37,0.11,AU,3,2,winter,0.1,699.7018916,22.24058269,5,18.0828,334.7018916,winter
AU003,1142,502,36,17923,0.062,-0.26,0.118,0.502,61.8,-0.25,0.16,AU,3,2,winter,0.1,699.7018916,22.24058269,5,17.562,334.7018916,winter
AU003,1142,503,18,17453,0.057,-0.282,0.102,0.613,18.8,-0.22,0.17,AU,3,2,winter,0.1,699.7018916,22.24058269,5,17.4318,334.7018916,winter
AU003,1142,503,20,18056,0.042,-0.264,0.112,0.675,0.8,-0.29,0.17,AU,3,2,winter,0.1,699.7018916,22.24058269,5,17.7356,334.7018916,winter
AU003,1142,503,35,23228,-0.02,-0.245,0.086,0.588,26.8,-0.45,0.16,AU,3,2,winter,0.1,699.7018916,22.24058269,5,18.43,334.7018916,winter
AU003,1142,503,36,23970,0.002,-0.253,0.086,0.581,29.6,-0.26,0.19,AU,3,2,winter,0.1,699.7018916,22.24058269,5,17.6054,334.7018916,winter
AU003,1142,503,41,17205,0.059,-0.213,0.097,0.566,34.8,-0.54,0.16,AU,3,2,winter,0.1,699.7018916,22.24058269,5,18.8206,334.7018916,winter
AU003,1142,503,42,15203,0.071,-0.232,0.12,0.547,42.4,-0.14,0.17,AU,3,2,winter,0.1,699.7018916,22.24058269,5,17.0846,334.7018916,winter
AU004,1145,503,5,19007,0.05,-0.187,0.092,0.591,25.9,-0.07,0.4,AU,4,2,winter,0.1,710.6086489,26.3354896,5,16.7808,345.6086489,winter
AU004,1145,500,35,14873,0.068,-0.195,0.127,0.557,38.2,-0.22,0.2,AU,4,2,winter,0.1,710.6086489,26.3354896,5,17.4318,345.6086489,winter
AU005,1148,,,,,,,,,-0.08,0.87,,,,,0.1,718.7896815,29.31400622,,,353.7896815,
AU006,1151,502,32,13267,0.07,-0.214,0.129,0.66,4.7,0.24,1.16,AU,6,2,winter,0.1,746.8853448,31.83525641,1,15.4354,16.8853448,winter
AU006,1151,502,26,18373,0.063,-0.199,0.097,0.645,9.1,0.05,1.25,AU,6,2,winter,0.1,746.8853448,31.83525641,1,16.26,16.8853448,winter
AU007,1152,,,,,,,,,-0.13,1.44,,,,,0.1,790.6566542,36.79523166,,,60.6566542,
AU008,1156,,,,,,,,,-0.19,0.7,,,,,0.1,807.045807,33.52425982,,,77.045807,
AU009,1160,,,,,,,,,-0.39,-0.93,,,,,0.1,823.1091028,28.43108282,,,93.1091028,
AU010,1163,,,,,,,,,-0.09,-0.59,,,,,0.1,819.6743461,22.00376302,,,89.6743461,
AU011,1166,,,,,,,,,-0.59,-1.46,,,,,0.1,820.8755789,18.66130645,,,90.8755789,
AU012,1169,,,,,,,,,0.52,-0.47,,,,,0.1,821.8182026,16.90839451,,,91.8182026,
AU013,1172,,,,,,,,,-0.5,-1.52,,,,,0.1,823.8929468,13.44864303,,,93.8929468,
AU014,1175,,,,,,,,,-0.06,-1.19,,,,,0.1,825.0901843,12.45968119,,,95.0901843,
AU015,1178,,,,,,,,,-0.61,-1.42,,,,,0.1,832.4218148,13.19880516,,,102.4218148,
AU017,1184,,,,,,,,,-0.74,-1.79,,,,,0.1,834.8235336,12.03639978,,,104.8235336,
AU019,1190,,,,,,,,,-0.94,-2.06,,,,,0.1,836.1904012,11.97649452,,,106.1904012,
AU021,1196,,,,,,,,,-0.81,-1.89,,,,,0.1,837.8471455,11.51188497,,,107.8471455,
AU023,1202,,,,,,,,,-0.9,-1.75,,,,,0.1,839.5539927,11.13950631,,,109.5539927,
AU025,1208,,,,,,,,,-0.86,-1.15,,,,,0.1,841.2873541,10.82608243,,,111.2873541,
AU701,1210.5,,,,,,,,,-0.77,-1.19,,,,,0.1,841.9479908,10.7176401,,,111.9479908,
AU027,1214,,,,,,,,,-0.81,-1.34,,,,,0.1,842.7073412,10.64902187,,,112.7073412,
AU029,1219,,,,,,,,,-0.91,-1.35,,,,,0.1,844.0521838,10.54353029,,,114.0521838,
AU031,1226,,,,,,,,,-0.95,-1.15,,,,,0.1,845.8741226,10.43156687,,,115.8741226,
AU033,1232,,,,,,,,,-0.74,-1.18,,,,,0.1,847.5768946,10.40895431,,,117.5768946,
AU035,1238,,,,,,,,,-0.85,-1.19,,,,,0.1,849.2917425,10.37895122,,,119.2917425,
AU037,1244,,,,,,,,,-1.1,-1.12,,,,,0.1,850.2667993,10.38776378,,,120.2667993,
AU039,1250,,,,,,,,,-0.88,-1.14,,,,,0.1,851.7166512,10.4479183,,,121.7166512,
AU041,1256,,,,,,,,,-0.91,-1.04,,,,,0.1,854.0820158,10.48172648,,,124.0820158,
AU702,1261,,,,,,,,,-0.87,-0.88,,,,,0.1,855.259346,10.36051049,,,125.259346,
AU043,1262,,,,,,,,,-0.84,-1.02,,,,,0.1,855.8757611,10.3628453,,,125.8757611,
AV001,1268,,,,,,,,,-0.9,-1.02,,,,,0.1,857.5033793,10.40414647,,,127.5033793,
AVavg01,1269.5,,,,,,,,,-0.93,,,,,,0.1,858.6530684,10.45050449,,,128.6530684,
AV101,1269.5,,,,,,,,,-1.02,,,,,,0.1,858.6530684,10.45050449,,,128.6530684,
AV201,1269.5,,,,,,,,,-0.99,,,,,,0.1,858.6530684,10.45050449,,,128.6530684,
AV301,1269.5,,,,,,,,,-0.97,,,,,,0.1,858.6530684,10.45050449,,,128.6530684,
AV401,1269.5,,,,,,,,,-0.7,,,,,,0.1,858.6530684,10.45050449,,,128.6530684,
AV501,1269.5,,,,,,,,,-0.99,,,,,,0.1,858.6530684,10.45050449,,,128.6530684,
AV701,1270.5,,,,,,,,,-0.95,-0.73,,,,,0.1,859.4172808,10.46222554,,,129.4172808,
AV003,1274,,,,,,,,,-0.98,-0.95,,,,,0.1,860.2888055,10.40055832,,,130.2888055,
AV005,1280,,,,,,,,,-0.87,-0.92,,,,,0.1,862.3231864,10.52328508,,,132.3231864,
AV007,1286,,,,,,,,,-0.89,-1.01,,,,,0.1,864.0144022,10.5747866,,,134.0144022,
AV009,1292,,,,,,,,,-1.22,-0.55,,,,,0.1,865.9895595,10.74636753,,,135.9895595,
AV011,1298,,,,,,,,,-0.93,-0.69,,,,,0.1,868.0968229,10.92008599,,,138.0968229,
AV013,1304,,,,,,,,,-1.27,-0.79,,,,,0.1,870.2406497,11.05150646,,,140.2406497,
AV015,1310,501,32,25642,-0.017,-0.272,0.09,0.592,25.7,-1.52,-0.08,AV,15,3,spring,0.1,872.6528287,11.18573888,3,23.0738,142.6528287,summer
AV015,1310,502,29,16603,0.068,-0.252,0.106,0.591,25.9,-1.68,-0.77,AV,15,3,spring,0.1,872.6528287,11.18573888,3,23.7682,142.6528287,summer
AV015,1310,502,42,24011,-0.014,-0.244,0.1,0.545,43.2,-1.49,-0.55,AV,15,3,spring,0.1,872.6528287,11.18573888,3,22.9436,142.6528287,summer
AV017,1316,501,8,16549,0.045,-0.225,0.1,0.579,30.3,-1.42,-0.53,AV,17,3,spring,0.1,874.5142637,11.68157819,3,22.6398,144.5142637,summer
AV017,1316,501,26,19348,0.025,-0.212,0.093,0.66,4.9,-1.77,-0.09,AV,17,3,spring,0.1,874.5142637,11.68157819,3,24.1588,144.5142637,summer
AV017,1316,502,20,24206,-0.007,-0.259,0.099,0.583,28.9,-1.97,-0.59,AV,17,3,spring,0.1,874.5142637,11.68157819,3,25.0268,144.5142637,summer
AV017,1316,502,39,17277,0.035,-0.211,0.094,0.57,33.5,-1.67,-0.48,AV,17,3,spring,0.1,874.5142637,11.68157819,3,23.7248,144.5142637,summer
AV017,1316,503,24,18673,0.044,-0.251,0.107,0.563,36.1,-1.34,-0.55,AV,17,3,spring,0.1,874.5142637,11.68157819,3,22.2926,144.5142637,summer
AV017,1316,506,32,19838,0.018,-0.137,0.111,0.608,20.2,-1.84,-0.67,AV,17,3,spring,0.1,874.5142637,11.68157819,3,24.4626,144.5142637,summer
AV017,1316,506,33,13475,0.079,-0.196,0.161,0.547,42.1,-1.24,-0.41,AV,17,3,spring,0.1,874.5142637,11.68157819,3,21.8586,144.5142637,summer
AV017,1316,508,30,16896,0.062,-0.187,0.083,0.592,25.6,-1.51,-0.48,AV,17,3,spring,0.1,874.5142637,11.68157819,3,23.0304,144.5142637,summer
AV019,1322,501,33,8356,0.05,-0.315,0.169,0.547,42.3,-1.44,0.16,AV,19,3,spring,0.1,875.7388714,13.01494275,3,22.7266,145.7388714,summer
AV019,1322,502,14,23938,-0.003,-0.28,0.113,0.547,42.1,-1.43,-0.35,AV,19,3,spring,0.1,875.7388714,13.01494275,3,22.6832,145.7388714,summer
AV019,1322,503,9,17415,0.045,-0.223,0.123,0.596,24.4,-1.7,-0.45,AV,19,3,spring,0.1,875.7388714,13.01494275,3,23.855,145.7388714,summer
AV021,1328,501,5,21322,0,-0.227,0.105,0.581,29.6,-1.97,-0.65,AV,21,3,spring,0.1,877.7207701,13.42155307,3,25.0268,147.7207701,summer
AV021,1328,502,18,17956,0.047,-0.221,0.124,0.596,24.2,-1.93,-0.73,AV,21,3,spring,0.1,877.7207701,13.42155307,3,24.8532,147.7207701,summer
AV021,1328,505,11,17174,0.082,-0.255,0.106,0.592,25.7,-1.72,-0.59,AV,21,3,spring,0.1,877.7207701,13.42155307,3,23.9418,147.7207701,summer
AV021,1328,506,11,13593,0.145,-0.273,0.142,0.579,30,-1.16,-0.43,AV,21,3,spring,0.1,877.7207701,13.42155307,3,21.5114,147.7207701,summer
AV021,1328,508,36,13632,0.103,-0.241,0.107,0.567,34.5,-1.49,-0.42,AV,21,3,spring,0.1,877.7207701,13.42155307,3,22.9436,147.7207701,summer
AV023,1334,501,36,17657,0.05,-0.251,0.104,0.549,41.6,-1.4,-0.06,AV,23,3,spring,0.1,878.74362,13.7744767,3,22.553,148.74362,summer
AV023,1334,502,15,19483,0.041,-0.264,0.111,0.564,35.7,-1.44,-0.77,AV,23,3,spring,0.1,878.74362,13.7744767,3,22.7266,148.74362,summer
AV023,1334,503,6,19451,0.053,-0.26,0.097,0.517,55.3,-1.22,-0.67,AV,23,3,spring,0.1,878.74362,13.7744767,3,21.7718,148.74362,summer
AV023,1334,503,23,15691,0.061,-0.252,0.112,0.561,36.8,-1.52,-0.74,AV,23,3,spring,0.1,878.74362,13.7744767,3,23.0738,148.74362,summer
AV023,1334,508,38,18346,0.035,-0.221,0.094,0.59,26.2,-1.4,-0.64,AV,23,3,spring,0.1,878.74362,13.7744767,3,22.553,148.74362,summer
AV025,1340,501,11,22199,0.018,-0.146,0.083,0.652,7.1,-1.54,-0.43,AV,25,3,spring,0.1,880.0337895,14.03002185,3,23.1606,150.0337895,summer
AV025,1340,502,8,22471,0.01,-0.272,0.097,0.574,32.1,-1.35,-0.49,AV,25,3,spring,0.1,880.0337895,14.03002185,3,22.336,150.0337895,summer
AV025,1340,504,41,19609,0.04,-0.259,0.119,0.571,32.9,-1.42,-0.4,AV,25,3,spring,0.1,880.0337895,14.03002185,3,22.6398,150.0337895,summer
AV025,1340,506,29,17153,0.066,-0.296,0.125,0.512,57.3,-1.28,-0.11,AV,25,3,spring,0.1,880.0337895,14.03002185,3,22.0322,150.0337895,summer
AV027,1346,501,23,24350,-0.015,-0.277,0.078,0.571,33.1,-1.63,0.13,AV,27,3,spring,0.1,881.8355515,14.63588344,3,23.5512,151.8355515,summer
AV027,1346,502,9,23692,-0.013,-0.318,0.082,0.527,50.7,-1.75,-0.54,AV,27,3,spring,0.1,881.8355515,14.63588344,3,24.072,151.8355515,summer
AV027,1346,503,8,20809,0.016,-0.184,0.11,0.628,14,-1.41,-0.38,AV,27,3,spring,0.1,881.8355515,14.63588344,3,22.5964,151.8355515,summer
AV027,1346,506,35,19620,0.023,-0.186,0.112,0.548,41.9,-1.36,-0.37,AV,27,3,spring,0.1,881.8355515,14.63588344,3,22.3794,151.8355515,summer
AV029,1352,,,,,,,,,-1.22,-0.12,,,,,0.1,883.1554956,15.64745734,,,153.1554956,
AV031,1358,,,,,,,,,-1.22,-0.59,,,,,0.1,885.0086985,17.51834202,,,155.0086985,
AV033,1364,,,,,,,,,-1.12,-0.05,,,,,0.1,886.2770017,16.56365914,,,156.2770017,
AV035,1370,,,,,,,,,-1.26,,,,,,0.1,887.4013806,16.67084762,,,157.4013806,
AV037,1376,,,,,,,,,-1.17,-0.15,,,,,0.1,889.1692472,15.94751204,,,159.1692472,
AV702,1379,,,,,,,,,-1.22,-0.32,,,,,0.1,889.5496031,16.08188486,,,159.5496031,
AV039,1382,,,,,,,,,-1.21,-0.07,,,,,0.1,889.9324033,16.25448171,,,159.9324033,
AV041,1388,,,,,,,,,-1.29,0.08,,,,,0.1,890.3021912,15.37774987,,,160.3021912,
AV043,1394,,,,,,,,,-1.42,-0.01,,,,,0.1,891.1235877,14.35453436,,,161.1235877,
AV045,1400,,,,,,,,,-1.24,0.06,,,,,0.1,892.5081464,14.68912113,,,162.5081464,
AV047,1406,,,,,,,,,-1.48,0.29,,,,,0.1,894.7764476,15.05746955,,,164.7764476,
AWavg01,1412,,,,,,,,,-1.47,,,,,,0.1,896.660722,16.11117458,,,166.660722,
AW101,1412,,,,,,,,,-1.32,,,,,,0.1,896.660722,16.11117458,,,166.660722,
AW201,1412,,,,,,,,,-1.49,,,,,,0.1,896.660722,16.11117458,,,166.660722,
AW301,1412,,,,,,,,,-1.42,,,,,,0.1,896.660722,16.11117458,,,166.660722,
AW401,1412,,,,,,,,,-1.49,,,,,,0.1,896.660722,16.11117458,,,166.660722,
AW501,1412,,,,,,,,,-1.61,,,,,,0.1,896.660722,16.11117458,,,166.660722,
AW003,1417,,,,,,,,,-1.37,,,,,,0.1,895.745849,14.86199819,,,165.745849,
AW005,1423,,,,,,,,,-1.48,-0.01,,,,,0.1,897.7953498,15.05070831,,,167.7953498,
AW007,1429,,,,,,,,,-1.56,-0.1,,,,,0.1,899.8769308,15.39517818,,,169.8769308,
AW009,1435,,,,,,,,,-1.5,-0.2,,,,,0.1,900.2904175,14.76935604,,,170.2904175,
AW011,1441,,,,,,,,,-1.52,-0.09,,,,,0.1,901.4577627,14.90756879,,,171.4577627,
AW013,1447,,,,,,,,,-1.57,0.28,,,,,0.1,902.5239841,15.05062558,,,172.5239841,
AW015,1453,500,11,18243,0.111,-0.217,0.091,0.599,23.1,-1.78,0.29,AW,15,3,summer,0.1,904.2941382,14.23831099,3,24.2022,174.2941382,summer
AW015,1453,504,24,15737,0.042,-0.285,0.098,0.546,42.6,-1.77,0.28,AW,15,3,summer,0.1,904.2941382,14.23831099,3,24.1588,174.2941382,summer
AW017,1459,,,,,,,,,-1.9,0.43,,,,,0.1,904.9947528,13.99169285,,,174.9947528,
AW019,1465,,,,,,,,,-1.97,0.3,,,,,0.1,906.2013724,13.45586169,,,176.2013724,
AW021,1471,500,17,16647,0.084,-0.171,0.138,0.653,6.8,-1.92,0.42,AW,21,3,summer,0.1,908.1214864,12.7958044,3,24.8098,178.1214864,summer
AW021,1471,504,33,24522,-0.026,-0.297,0.098,0.562,36.4,-1.82,0.53,AW,21,3,summer,0.1,908.1214864,12.7958044,3,24.3758,178.1214864,summer
AW023,1477,500,15,17887,0.07,-0.261,0.108,0.564,35.8,-1.95,0.51,AW,23,3,summer,0.1,909.8217075,11.01967765,3,24.94,179.8217075,summer
AW023,1477,504,18,23917,-0.011,-0.251,0.106,0.6,23,-1.87,0.7,AW,23,3,summer,0.1,909.8217075,11.01967765,3,24.5928,179.8217075,summer
AW025,1483,500,26,25129,0.018,-0.205,0.081,0.627,14.3,-2.05,0.73,AW,25,3,summer,0.1,911.1776915,11.07955783,3,25.374,181.1776915,summer
AW025,1483,505,14,18873,0.021,-0.177,0.112,0.644,9.4,-2.24,0.71,AW,25,3,summer,0.1,911.1776915,11.07955783,3,26.1986,181.1776915,summer
AW027,1489,500,36,16365,0.085,-0.19,0.123,0.563,36.2,-1.94,0.85,AW,27,3,summer,0.1,912.8952863,11.408446,3,24.8966,182.8952863,summer
AW027,1489,504,17,19717,0.023,-0.252,0.091,0.6,22.8,-1.77,0.99,AW,27,3,summer,0.1,912.8952863,11.408446,3,24.1588,182.8952863,summer
AW029,1495,500,23,21229,0.017,-0.232,0.096,0.592,25.5,-2.34,0.65,AW,29,3,summer,0.1,914.131834,11.79832022,3,26.6326,184.131834,summer
AW029,1495,505,18,18542,0.033,-0.277,0.099,0.548,41.8,-1.69,0.69,AW,29,3,summer,0.1,914.131834,11.79832022,3,23.8116,184.131834,summer
AW031,1501,500,42,25528,-0.031,-0.3,0.094,0.535,47,-2.16,0.7,AW,31,3,summer,0.1,915.4326729,11.49472705,3,25.8514,185.4326729,summer
AW031,1501,504,6,20515,0.035,-0.254,0.102,0.595,24.8,-2.32,0.66,AW,31,3,summer,0.1,915.4326729,11.49472705,3,26.5458,185.4326729,summer
AW033,1507,,,,,,,,,-1.95,0.8,,,,,0.1,916.9458736,11.34495078,,,186.9458736,
AW035,1513,500,8,21636,0.058,-0.226,0.094,0.626,14.7,-2.6,0.64,AW,35,3,summer,0.1,918.5307909,11.63666138,3,27.761,188.5307909,summer
AW035,1513,504,11,19345,0.042,-0.256,0.094,0.567,34.4,-1.85,0.96,AW,35,3,summer,0.1,918.5307909,11.63666138,3,24.506,188.5307909,summer
AW035,1513,505,20,17535,0.053,-0.269,0.108,0.578,30.4,-1.89,0.99,AW,35,3,summer,0.1,918.5307909,11.63666138,3,24.6796,188.5307909,summer
AW037,1519,501,9,15611,0.064,-0.183,0.119,0.622,16,-2.24,0.61,AW,37,3,summer,0.1,919.9126471,12.00442414,3,26.1986,189.9126471,summer
AW037,1519,504,35,18712,0.008,-0.218,0.082,0.636,11.7,-2,0.84,AW,37,3,summer,0.1,919.9126471,12.00442414,3,25.157,189.9126471,summer
AW039,1525.5,501,14,21170,0.058,-0.246,0.087,0.664,3.8,-2.05,1.29,AW,39,3,summer,0.1,921.5662715,10.81565631,3,25.374,191.5662715,summer
AW041,1531,500,18,16072,0.091,-0.215,0.136,0.607,20.6,-2.11,0.68,AW,41,3,summer,0.1,923.0125718,11.26066266,3,25.6344,193.0125718,summer
AW041,1531,505,15,15817,0.055,-0.199,0.118,0.591,25.9,-1.9,0.77,AW,41,3,summer,0.1,923.0125718,11.26066266,3,24.723,193.0125718,summer
AW043,1537,,,,,,,,,-1.9,0.87,,,,,0.1,924.6349513,10.48319608,,,194.6349513,
AW045,1543,,,,,,,,,-1.83,0.72,,,,,0.1,926.1690834,10.44085106,,,196.1690834,
AW047,1549,500,24,25216,-0.016,-0.28,0.101,0.541,44.8,-2.32,0.38,AW,47,3,summer,0.1,927.8619898,10.4991772,3,26.5458,197.8619898,summer
AW047,1549,504,23,16815,0.03,-0.247,0.12,0.586,27.6,-2.12,0.54,AW,47,3,summer,0.1,927.8619898,10.4991772,3,25.6778,197.8619898,summer
AW048,1549,505,30,23060,0.015,-0.231,0.089,0.56,37,-2.19,0.49,AW,47,3,summer,0.1,928.5660552,10.52350079,3,25.9816,198.5660552,summer
AW049,1555,500,33,24264,-0.006,-0.24,0.108,0.55,40.9,-2.56,0.33,AW,49,3,summer,0.1,929.2701205,10.54782437,3,27.5874,199.2701205,summer
AW049,1555,504,20,17573,0.029,-0.206,0.105,0.67,2.2,-2,0.43,AW,49,3,summer,0.1,929.2701205,10.54782437,3,25.157,199.2701205,summer
AW049,1555,505,26,16481,0.076,-0.226,0.107,0.598,23.5,-1.93,0.6,AW,49,3,summer,0.1,929.2701205,10.54782437,3,24.8532,199.2701205,summer
AW051,1561,501,15,19002,0.035,-0.204,0.094,0.708,-7.4,-2.69,1.3,AW,51,3,summer,0.1,930.6490054,10.58292444,3,28.1516,200.6490054,summer
AW051,1561,504,32,25295,-0.042,-0.233,0.1,0.627,14.4,-2.46,0.63,AW,51,3,summer,0.1,930.6490054,10.58292444,3,27.1534,200.6490054,summer
AW051,1561,505,29,10679,0.091,-0.261,0.127,0.518,54.6,-2.32,0.83,AW,51,3,summer,0.1,930.6490054,10.58292444,3,26.5458,200.6490054,summer
AW053,1567,501,18,21892,0.004,-0.286,0.101,0.592,25.5,-2.27,1.19,AW,53,3,summer,0.1,932.0875148,10.43538764,3,26.3288,202.0875148,summer
AW053,1567,505,42,16668,0.058,-0.275,0.116,0.538,45.8,-2.13,0.71,AW,53,3,summer,0.1,932.0875148,10.43538764,3,25.7212,202.0875148,summer
AX001,1573,501,24,21051,-0.001,-0.277,0.107,0.57,33.3,-2.24,1.18,AX,1,3,summer,0.1,933.4579304,10.31697517,3,26.1986,203.4579304,summer
AX001,1573,504,38,27721,-0.051,-0.293,0.073,0.524,52,-2.3,0.57,AX,1,3,summer,0.1,933.4579304,10.31697517,3,26.459,203.4579304,summer
AX003,1579,501,35,15487,0.045,-0.217,0.108,0.583,28.6,-2.78,1.06,AX,3,3,summer,0.1,935.0487037,10.32861361,3,28.5422,205.0487037,summer
AX003,1579,504,42,22423,0.01,-0.242,0.116,0.603,21.8,-2.16,0.87,AX,3,3,summer,0.1,935.0487037,10.32861361,3,25.8514,205.0487037,summer
AX005,1585,501,41,17472,0.042,-0.179,0.125,0.602,22.3,-2.66,1.58,AX,5,3,summer,0.1,936.7217614,11.27284677,3,28.0214,206.7217614,summer
AX005,1585,505,41,19743,0.034,-0.21,0.084,0.605,21.3,-2.15,1.01,AX,5,3,summer,0.1,936.7217614,11.27284677,3,25.808,206.7217614,summer
AX007,1591,,,,,,,,,-1.6,1.13,,,,,0.1,938.0381291,11.20391491,,,208.0381291,
AX009,1597,501,38,25110,-0.05,-0.25,0.083,0.523,52.5,-2.06,1.44,AX,9,3,summer,0.1,939.68478,11.83374194,3,25.4174,209.68478,summer
AX009,1597,505,17,24469,0.008,-0.238,0.097,0.589,26.6,-2.2,0.67,AX,9,3,summer,0.1,939.68478,11.83374194,3,26.025,209.68478,summer
AX701,1600,,,,,,,,,-1.76,0.65,,,,,0.1,940.457128,11.95289067,,,210.457128,
AX011,1603,,,,,,,,,-1.9,0.49,,,,,0.1,941.2514898,12.08414243,,,211.2514898,
AX013,1609,,,,,,,,,-1.34,1.03,,,,,0.1,942.1994497,19.26364687,,,212.1994497,
AX015,1615,,,,,,,,,-1.34,0.88,,,,,0.1,943.6889219,20.56956088,,,213.6889219,
AX017,1621,,,,,,,,,-1.75,-0.13,,,,,0.1,944.9720113,29.29149804,,,214.9720113,
AXavg01,1623.5,,,,,,,,,-1.61,,,,,,0.1,946.2167327,27.17991537,,,216.2167327,
AX101,1623.5,,,,,,,,,-1.6,,,,,,0.1,946.2167327,27.17991537,,,216.2167327,
AX201,1623.5,,,,,,,,,-1.62,,,,,,0.1,946.2167327,27.17991537,,,216.2167327,
AX301,1623.5,,,,,,,,,-1.47,,,,,,0.1,946.2167327,27.17991537,,,216.2167327,
AX401,1623.5,,,,,,,,,-1.81,,,,,,0.1,946.2167327,27.17991537,,,216.2167327,
AX501,1623.5,,,,,,,,,-1.53,,,,,,0.1,946.2167327,27.17991537,,,216.2167327,
AX019,1627,,,,,,,,,-1.44,0.2,,,,,0.1,947.0702011,36.62771614,,,217.0702011,
AX021,1633,,,,,,,,,-1.45,0.34,,,,,0.1,947.9266383,31.93639718,,,217.9266383,
AX023,1639,,,,,,,,,-1.6,0.01,,,,,0.1,950.2064698,31.13268614,,,220.2064698,
AX025,1645,,,,,,,,,-1.57,-0.41,,,,,0.1,951.6398898,26.57253328,,,221.6398898,
AX027,1651,,,,,,,,,-1.87,-0.94,,,,,0.1,953.4998184,18.41221644,,,223.4998184,
AX029,1657,,,,,,,,,-1.49,-1.04,,,,,0.1,954.9101193,14.39486188,,,224.9101193,
AX031,1663,,,,,,,,,-1.74,-1.09,,,,,0.1,956.4165157,14.02744217,,,226.4165157,
AX033,1669,,,,,,,,,-1.76,-1.18,,,,,0.1,958.2498124,13.79954404,,,228.2498124,
AX035,1675,,,,,,,,,-1.59,-0.34,,,,,0.1,960.0285234,14.07492694,,,230.0285234,
AX037,1681,,,,,,,,,-1.51,-0.83,,,,,0.1,961.4985563,14.20722288,,,231.4985563,
AX039,1687,,,,,,,,,-1.67,-0.8,,,,,0.1,963.4948107,14.59566134,,,233.4948107,
AX041,1693,,,,,,,,,-1.56,-0.95,,,,,0.1,965.1542966,14.94521663,,,235.1542966,
AX043,1699,,,,,,,,,-1.88,-1.27,,,,,0.1,966.8653824,15.10681333,,,236.8653824,
AX843(3),1699,,,,,,,,,-1.49,-1.27,,,,,0.1,966.8653824,15.10681333,,,236.8653824,
AX843(1),1701,,,,,,,,,,-1.27,,,,,0.1,966.6134061,14.92888522,,,236.6134061,
AX843(4),1702,,,,,,,,,-1.29,-0.49,,,,,0.1,966.3614297,14.7509571,,,236.3614297,
AX843(2),1703,,,,,,,,,,-0.49,,,,,0.1,966.6093079,14.7707307,,,236.6093079,
AX045 (2),1705,,,,,,,,,,0.05,,,,,0.1,966.857186,14.7905043,,,236.857186,
AX843(5),1705,,,,,,,,,-1.21,0.05,,,,,0.1,967.6199583,14.985136,,,237.6199583,
AX845(1),1707,,,,,,,,,,0.05,,,,,0.1,967.9870355,15.05968316,,,237.9870355,
AX845(3),1708,,,,,,,,,-1.43,-0.71,,,,,0.1,967.9870355,15.05968316,,,237.9870355,
AX845(2),1709,,,,,,,,,,-0.71,,,,,0.1,967.9870355,15.05968316,,,237.9870355,
AX047,1710,,,,,,,,,-1.49,-1.17,,,,,0.1,968.3541127,15.13423031,,,238.3541127,
AX845(4),1711,,,,,,,,,-1.59,-0.58,,,,,0.1,969.4943005,15.28414212,,,239.4943005,
AX049,1717,,,,,,,,,-1.6,-1.02,,,,,0.1,969.7729185,15.64067512,,,239.7729185,
AX051,1723,,,,,,,,,-1.36,-1.28,,,,,0.1,971.560722,16.11885114,,,241.560722,
AX053,1729,,,,,,,,,-1.35,-1.24,,,,,0.1,973.1472307,17.13301994,,,243.1472307,
AX055,1735,,,,,,,,,-1.45,-1.17,,,,,0.1,975.0153384,20.81202656,,,245.0153384,
AX057,1741,,,,,,,,,-1.68,-0.26,,,,,0.1,977.2799764,20.27702239,,,247.2799764,
AX059,1747,,,,,,,,,-1.4,-0.79,,,,,0.1,979.1429842,16.56536221,,,249.1429842,
AX061,1753,,,,,,,,,-1.23,-1.11,,,,,0.1,981.8193731,15.95366428,,,251.8193731,
AY601a,1757.5,,,,,,,,,-0.86,-1.28,,,,,0.1,984.7773034,15.37406567,,,254.7773034,
AY001,1759,,,,,,,,,-1,-1.44,,,,,0.1,986.3397348,15.27646792,,,256.3397348,
AY003,1765,,,,,,,,,-0.84,-0.89,,,,,0.1,989.2676648,15.24534873,,,259.2676648,
AY005,1771,,,,,,,,,-0.97,-1.44,,,,,0.1,991.6137644,15.28155275,,,261.6137644,
AYavg01,1773,,,,,,,,,-0.72,,,,,,0.1,993.2964359,15.22256088,,,263.2964359,
AY101,1773,,,,,,,,,-0.57,,,,,,0.1,993.2964359,15.22256088,,,263.2964359,
AY201,1773,,,,,,,,,-0.82,,,,,,0.1,993.2964359,15.22256088,,,263.2964359,
AY301,1773,,,,,,,,,-0.77,,,,,,0.1,993.2964359,15.22256088,,,263.2964359,
AY401,1773,,,,,,,,,-0.61,,,,,,0.1,993.2964359,15.22256088,,,263.2964359,
AY501,1773,,,,,,,,,-0.85,,,,,,0.1,993.2964359,15.22256088,,,263.2964359,
AY007,1777,,,,,,,,,-0.76,-1.32,,,,,0.1,995.4255483,15.45297335,,,265.4255483,
AY009,1783,,,,,,,,,-0.8,-1.29,,,,,0.1,996.6561163,17.54760319,,,266.6561163,
AY011,1789,,,,,,,,,-0.61,-1.11,,,,,0.1,998.9045057,19.63697081,,,268.9045057,
AY013,1795,,,,,,,,,-1.18,-0.91,,,,,0.1,1003.011826,18.18402428,,,273.0118258,
AY014,1798,,,,,,,,,-0.35,-1.09,,,,,0.1,1007.94506,19.17955149,,,277.9450603,
AY015,1801,,,,,,,,,-0.42,-1.08,,,,,0.1,1010.784407,20.74032829,,,280.7844071,
AY016,1804,,,,,,,,,-0.46,-0.44,,,,,0.1,1014.040793,21.22574312,,,284.0407929,
AY017,1807,,,,,,,,,-0.78,-0.74,,,,,0.1,1013.801748,22.66605809,,,283.8017482,
AY018,1810,,,,,,,,,-0.44,-0.84,,,,,0.1,1016.268039,24.1869734,,,286.2680387,
AY019,1813,,,,,,,,,-0.55,-1.25,,,,,0.1,1021.326419,25.62372426,,,291.326419,
AY020,1816,,,,,,,,,-0.27,-0.83,,,,,0.1,1025.630264,27.62837454,,,295.630264,
AY021,1819,,,,,,,,,-0.16,-0.61,,,,,0.1,1028.946695,30.16977146,,,298.946695,
AY022,1822,,,,,,,,,0.01,-0.5,,,,,0.1,1039.528596,34.82979486,,,309.528596,
AY023,1825,,,,,,,,,0.37,-0.14,,,,,0.1,1056.817225,40.21528784,,,326.817225,
AY024,1828,,,,,,,,,0.21,-0.3,,,,,0.1,1148.645976,54.08287974,,,53.645976,
AY025,1831,,,,,,,,,-0.29,-0.78,,,,,0.1,1186.362442,34.65322776,,,91.362442,
AY701,1832,,,,,,,,,-0.05,-0.88,,,,,0.1,1192.644061,28.23113511,,,97.644061,
AY026,1834,,,,,,,,,-0.36,-0.68,,,,,0.1,1196.346268,26.71954476,,,101.346268,
AY027,1837,,,,,,,,,-0.3,-0.4,,,,,0.1,1202.75629,24.26809883,,,107.75629,
AY028,1840,,,,,,,,,-0.53,-1.2,,,,,0.1,1206.22554,23.02090083,,,111.22554,
AY029,1843,,,,,,,,,-0.44,-1.06,,,,,0.1,1205.530726,21.79526729,,,110.530726,
AY030,1846,,,,,,,,,-0.32,-1.28,,,,,0.1,1206.551038,20.63872621,,,111.551038,
AY031,1849,,,,,,,,,-0.41,-1.34,,,,,0.1,1210.185114,19.06868899,,,115.185114,
AY032,1852,,,,,,,,,-0.42,-1.19,,,,,0.1,1213.671619,18.32025048,,,118.671619,
AY033,1855,,,,,,,,,-0.76,-1.84,,,,,0.1,1216.306616,17.81024674,,,121.306616,
AY035,1861,,,,,,,,,-0.62,-1.78,,,,,0.1,1218.860759,16.41073286,,,123.860759,
AY037,1867,,,,,,,,,-0.66,-1.65,,,,,0.1,1221.533274,15.38222434,,,126.533274,
AY702,1869,,,,,,,,,-0.5,-1.4,,,,,0.1,1221.942828,14.75158321,,,126.942828,
AY039,1873,,,,,,,,,-0.93,-2.11,,,,,0.1,1222.881594,14.80192416,,,127.881594,
AY041,1879,,,,,,,,,-0.84,-2.38,,,,,0.1,1224.402795,13.93968582,,,129.402795,
AY043,1885,,,,,,,,,-1.1,-2.13,,,,,0.1,1224.60613,13.10574986,,,129.60613,
AY045,1891,,,,,,,,,-0.65,-2.1,,,,,0.1,1226.91481,12.30350005,,,131.91481,
AY047,1897,,,,,,,,,-1.03,-2.75,,,,,0.1,1228.382002,11.84722074,,,133.382002,
AY049,1903,,,,,,,,,-1.15,-2.05,,,,,0.1,1228.924892,11.45006255,,,133.924892,
AY051,1909,,,,,,,,,-1,-2.08,,,,,0.1,1229.564022,11.1871092,,,134.564022,
AY053,1915,,,,,,,,,-1.17,-2.2,,,,,0.1,1231.823347,10.79784849,,,136.823347,
AY055,1921,,,,,,,,,-1.07,-2.2,,,,,0.1,1233.494994,10.57218243,,,138.494994,
AY057,1927,,,,,,,,,-1.18,-2.18,,,,,0.1,1234.798083,10.37210615,,,139.798083,
AY059,1933,,,,,,,,,-1.34,-2.03,,,,,0.1,1236.539237,10.17049545,,,141.539237,
AY061,1939,,,,,,,,,-1.1,-1.97,,,,,0.1,1238.527494,9.909604544,,,143.527494,
AY063,1945,,,,,,,,,-1.22,-1.88,,,,,0.1,1240.227806,10.42394352,,,145.227806,
AY065,1951,,,,,,,,,-1.03,-1.44,,,,,0.1,1242.198892,13.76435195,,,147.198892,
AY067,1957,,,,,,,,,-1.34,-1.85,,,,,0.1,1243.946207,11.66927789,,,148.946207,
AY069,1963,,,,,,,,,-1.01,-2.01,,,,,0.1,1245.753661,10.7690642,,,150.753661,
AZ701,1967,,,,,,,,,-1.26,-2.62,,,,,0.1,1246.93143,10.49145306,,,151.93143,
AZavg01,1969,,,,,,,,,-1.21,,,,,,0.1,1247.686929,10.7237197,,,152.686929,
AZ101,1969,,,,,,,,,-1.14,,,,,,0.1,1247.686929,10.7237197,,,152.686929,
AZ201,1969,,,,,,,,,-1.22,,,,,,0.1,1247.686929,10.7237197,,,152.686929,
AZ301,1969,,,,,,,,,-1.16,,,,,,0.1,1247.686929,10.7237197,,,152.686929,
AZ401,1969,,,,,,,,,-1.29,,,,,,0.1,1247.686929,10.7237197,,,152.686929,
AZ501,1969,,,,,,,,,-1.22,,,,,,0.1,1247.686929,10.7237197,,,152.686929,
AZ003,1975,,,,,,,,,-1.17,-2.04,,,,,0.1,1248.850229,10.61134082,,,153.850229,
AZ005,1981,,,,,,,,,-1.24,-2.23,,,,,0.1,1250.905383,10.62913605,,,155.905383,
AZ007,1987,,,,,,,,,-1.55,-2.14,,,,,0.1,1252.346991,10.14222081,,,157.346991,
AZ009,1993,,,,,,,,,-1.55,-1.89,,,,,0.1,1254.23459,10.31713785,,,159.23459,
AZ011,1999,,,,,,,,,-1.61,-1.29,,,,,0.1,1256.132838,9.391083765,,,161.132838,
AZ811(1),2001,,,,,,,,,-0.88,-1.11,,,,,0.1,1256.950562,9.899227444,,,161.950562,
AZ811(2),2003,,,,,,,,,-1.58,-1.26,,,,,0.1,1257.658929,10.68115256,,,162.658929,
AZ013,2005,,,,,,,,,-1.65,-1.06,,,,,0.1,1258.423699,11.20794064,,,163.423699,
AZ813(1),2007,,,,,,,,,-1.2,-1.01,,,,,0.1,1258.926271,10.87491317,,,163.926271,
AZ813(2),2009,,,,,,,,,-1.26,-0.78,,,,,0.1,1259.724609,11.38456503,,,164.724609,
AZ015,2011,,,,,,,,,-1.55,-1.29,,,,,0.1,1260.308508,10.60000058,,,165.308508,
AZ017,2017,,,,,,,,,-1.88,-0.96,,,,,0.1,1262.236026,9.862903098,,,167.236026,
AZ019,2023,,,,,,,,,-1.69,-0.72,,,,,0.1,1264.413951,11.85067222,,,169.413951,
AZ021,2029,,,,,,,,,-1.74,-1.21,,,,,0.1,1266.563682,12.35850611,,,171.563682,
AZ023,2035,,,,,,,,,-1.47,-0.93,,,,,0.1,1269.011384,13.62104399,,,174.011384,
AZ025,2041,,,,,,,,,-1.95,-0.88,,,,,0.1,1271.100444,11.61546792,,,176.100444,
AZ027,2047,,,,,,,,,-1.85,-0.76,,,,,0.1,1273.403119,9.757749605,,,178.403119,
AZ029,2053,,,,,,,,,-2.05,-0.94,,,,,0.1,1275.824091,10.29360105,,,180.824091,
AZ031,2059,,,,,,,,,-1.69,-0.69,,,,,0.1,1278.605954,10.46791607,,,183.605954,
AZ033,2065,,,,,,,,,-1.96,-0.85,,,,,0.1,1281.409563,10.71513623,,,186.409563,
AZ035,2071,,,,,,,,,-1.86,-0.91,,,,,0.1,1284.350345,14.32656203,,,189.350345,
AZ037,2077,,,,,,,,,-1.58,-0.29,,,,,0.1,1287.185794,12.78068471,,,192.185794,
AZ039,2083,,,,,,,,,-1.79,-0.33,,,,,0.1,1290.100522,13.28901848,,,195.100522,
AZ041,2089,,,,,,,,,-1.54,-0.54,,,,,0.1,1292.859433,18.94918334,,,197.859433,
AZ043,2095,,,,,,,,,-1.66,-0.73,,,,,0.1,1295.797531,20.95738274,,,200.797531,
AZ701,2100,,,,,,,,,-1.61,-0.99,,,,,0.1,1298.328768,16.47405021,,,203.328768,
AZ045,2101,,,,,,,,,-1.66,-0.82,,,,,0.1,1299.063107,17.25029928,,,204.063107,
AZ047,2107,,,,,,,,,-1.8,-0.82,,,,,0.1,1301.840654,15.86229037,,,206.840654,
AZ049,2113,,,,,,,,,-1.81,-0.96,,,,,0.1,1305.100303,15.97197775,,,210.100303,
AZ051,2119,,,,,,,,,-1.73,-1.16,,,,,0.1,1308.156654,16.36931946,,,213.156654,
AZ053,2125,,,,,,,,,-1.71,-1.25,,,,,0.1,1310.996542,16.16679451,,,215.996542,
AZ702,2126,,,,,,,,,-1.42,-0.97,,,,,0.1,1311.738979,16.35011825,,,216.738979,
AZ055,2131,,,,,,,,,-1.54,-1.03,,,,,0.1,1314.654057,16.50377292,,,219.654057,
AZ057,2137,,,,,,,,,-2.01,-1.19,,,,,0.1,1318.851601,16.3811236,,,223.851601,
AZ059,2143,,,,,,,,,-1.73,-0.85,,,,,0.1,1321.807071,16.88477034,,,226.807071,
AZ061,2149,,,,,,,,,-1.35,-0.81,,,,,0.1,1325.068606,16.66326399,,,230.068606,
AZ063,2155,,,,,,,,,-1.6,-1.13,,,,,0.1,1327.774688,16.56629046,,,232.774688,
AZ703,2156,,,,,,,,,-1.97,-1.76,,,,,0.1,1328.57469,16.53613715,,,233.57469,
AZ704,2157,,,,,,,,,-1.58,-1.42,,,,,0.1,1329.42331,16.55123578,,,234.42331,
AZ705,2158,,,,,,,,,-1.61,-1.39,,,,,0.1,1330.152616,17.60741119,,,235.152616,
AZ065,2160.5,,,,,,,,,-1.66,-1.25,,,,,0.1,1331.577236,17.48607279,,,236.577236,
AZ067,2167,,,,,,,,,-1.93,-1.44,,,,,0.1,1335.523677,15.67040067,,,240.523677,
AZ069,2173,,,,,,,,,-1.82,-1.24,,,,,0.1,1339.288742,15.72246566,,,244.288742,
AZ071,2179,,,,,,,,,-1.87,-0.93,,,,,0.1,1342.876791,15.60830589,,,247.876791,
AZ073,2185,,,,,,,,,-1.96,-0.86,,,,,0.1,1346.56957,15.37570912,,,251.56957,
AZ075,2191,,,,,,,,,-1.76,-0.8,,,,,0.1,1350.236653,16.15991193,,,255.236653,
AZ077,2197,,,,,,,,,-1.49,-0.8,,,,,0.1,1353.940822,14.24162499,,,258.940822,
BA001,2203,,,,,,,,,-1.19,-1.43,,,,,0.1,1357.933918,14.21469105,,,262.933918,
BA701,2204,,,,,,,,,-1.16,-0.58,,,,,0.1,1358.458183,14.00235865,,,263.458183,
BA003,2209,,,,,,,,,-1.07,-1.55,,,,,0.1,1362.299555,13.99506802,,,267.299555,
BA005,2215,,,,,,,,,-1.14,-1.66,,,,,0.1,1366.189283,13.45984052,,,271.189283,
BA007,2221,,,,,,,,,-0.94,-1.89,,,,,0.1,1369.550241,15.1407686,,,274.550241,
BAavg01,2222,,,,,,,,,-0.85,,,,,,0.1,1369.722237,14.67301263,,,274.722237,
BA101,2222,,,,,,,,,-0.88,,,,,,0.1,1369.722237,14.67301263,,,274.722237,
BA201,2222,,,,,,,,,-0.79,,,,,,0.1,1369.722237,14.67301263,,,274.722237,
BA301,2222,,,,,,,,,-0.86,,,,,,0.1,1369.722237,14.67301263,,,274.722237,
BA401,2222,,,,,,,,,-0.79,,,,,,0.1,1369.722237,14.67301263,,,274.722237,
BA501,2222,,,,,,,,,-0.95,,,,,,0.1,1369.722237,14.67301263,,,274.722237,
BA009,2227,,,,,,,,,-0.74,-1.38,,,,,0.1,1371.021435,14.3845701,,,276.021435,
BA011,2233,,,,,,,,,-0.54,-1.22,,,,,0.1,1373.999624,12.92398676,,,278.999624,
BA013,2239,,,,,,,,,-0.67,-2.41,,,,,0.1,1377.278298,12.80347106,,,282.278298,
BA015,2245,,,,,,,,,-0.47,-1.27,,,,,0.1,1383.880381,12.87292565,,,288.880381,
BA016,2248,,,,,,,,,-0.17,-1.02,,,,,0.1,1390.246309,14.30733767,,,295.246309,
BA017,2251,,,,,,,,,-0.18,-1.25,,,,,0.1,1394.300063,15.08641973,,,299.300063,
BA018,2254,,,,,,,,,-0.13,-0.71,,,,,0.1,1398.291075,16.83054549,,,303.291075,
BA019,2257,,,,,,,,,-0.28,-1.09,,,,,0.1,1400.182112,19.84781878,,,305.182112,
BA020,2260,,,,,,,,,-0.05,-0.6,,,,,0.1,1405.206283,20.30722769,,,310.206283,
BA021,2263,500,5,18768,0.087,-0.218,0.086,0.637,11.5,-0.13,-0.04,BA,21,4,winter,0.1,1416.10949,22.18376772,5,17.0412,321.10949,winter
BA021,2263,505,9,12496,0.099,-0.261,0.152,0.556,38.9,-0.24,-0.11,BA,21,4,winter,0.1,1416.10949,22.18376772,5,17.5186,321.10949,winter
BA021,2263,506,38,17741,0.048,-0.162,0.117,0.596,24.4,-0.23,-0.03,BA,21,4,winter,0.1,1416.10949,22.18376772,5,17.4752,321.10949,winter
BA022,2266,500,38,18775,0.04,-0.184,0.102,0.581,29.5,-0.03,-0.23,BA,22,4,winter,0.1,1443.199267,29.00825995,5,16.6072,348.199267,winter
BA022,2266,504,27,18684,0.025,-0.185,0.083,0.656,5.9,-0.35,-0.32,BA,22,4,winter,0.1,1443.199267,29.00825995,5,17.996,348.199267,winter
BA023,2269,500,29,19367,0.045,-0.198,0.104,0.62,16.5,-0.07,-0.4,BA,23,4,winter,0.1,1456.11172,32.61136352,5,16.7808,361.11172,winter
BA023,2269,505,6,20043,0.071,-0.171,0.082,0.614,18.5,0.1,-0.42,BA,23,4,winter,0.1,1456.11172,32.61136352,5,16.043,361.11172,winter
BA024,2272,500,39,22561,0.014,-0.189,0.098,0.576,31.2,-0.5,-0.21,BA,24,4,winter,0.1,1477.611479,35.46599598,1,18.647,17.611479,winter
BA024,2272,504,30,21352,-0.024,-0.208,0.115,0.645,9.1,-0.48,-0.31,BA,24,4,winter,0.1,1477.611479,35.46599598,1,18.5602,17.611479,winter
BA025,2275,500,20,15909,0.08,-0.193,0.128,0.629,13.8,-0.03,0.06,BA,25,4,winter,0.1,1496.978951,35.0527073,1,16.6072,36.978951,winter
BA025,2275,505,39,20176,0.018,-0.259,0.102,0.57,33.6,0.03,-0.01,BA,25,4,winter,0.1,1496.978951,35.0527073,1,16.3468,36.978951,winter
BA026,2278,500,30,17855,0.068,-0.221,0.106,0.58,29.7,0.39,-0.12,BA,26,4,winter,0.1,1501.585922,32.61705084,1,14.7844,41.585922,winter
BA026,2278,504,9,17646,0.033,-0.243,0.111,0.579,30.2,0.15,-0.05,BA,26,4,winter,0.1,1501.585922,32.61705084,1,15.826,41.585922,winter
BA026,2278,505,27,14918,0.084,-0.21,0.095,0.614,18.2,-0.15,0.11,BA,26,4,winter,0.1,1501.585922,32.61705084,1,17.128,41.585922,winter
BA027,2281,500,32,19413,0.049,-0.192,0.108,0.599,23.2,0.08,0.11,BA,27,4,winter,0.1,1515.067386,27.31854551,2,16.1298,55.067386,spring
BA027,2281,505,8,19549,0.054,-0.214,0.096,0.604,21.7,0.32,-0.07,BA,27,4,winter,0.1,1515.067386,27.31854551,2,15.0882,55.067386,spring
BA702,2282.5,501,17,21246,0.042,-0.22,0.107,0.661,4.7,-0.3,0.62,BA,702,4,winter,0.1,1529.205026,23.9072906,2,17.779,69.205026,spring
BA702,2282.5,504,14,18567,0.038,-0.222,0.101,0.61,19.8,-0.13,-0.13,BA,702,4,winter,0.1,1529.205026,23.9072906,2,17.0412,69.205026,spring
BA702,2282.5,506,41,18972,0.055,-0.193,0.084,0.602,22.4,0.13,0.01,BA,702,4,winter,0.1,1529.205026,23.9072906,2,15.9128,69.205026,spring
BA702,2282.5,508,42,21765,0.028,-0.278,0.096,0.588,27.1,0.06,-0.11,BA,702,4,winter,0.1,1529.205026,23.9072906,2,16.2166,69.205026,spring
BA703,2283.5,501,20,23583,-0.012,-0.287,0.096,0.562,36.6,-0.26,0.39,BA,703,4,winter,0.1,1536.675393,22.83579848,2,17.6054,76.675393,spring
BA703,2283.5,504,36,19932,0.046,-0.231,0.118,0.608,20.5,-0.24,-0.37,BA,703,4,winter,0.1,1536.675393,22.83579848,2,17.5186,76.675393,spring
BA703,2283.5,505,24,20713,0.02,-0.223,0.086,0.614,18.3,-0.1,-0.39,BA,703,4,winter,0.1,1536.675393,22.83579848,2,16.911,76.675393,spring
BA703,2283.5,506,42,18202,0.037,-0.187,0.09,0.607,20.7,-0.32,-0.41,BA,703,4,winter,0.1,1536.675393,22.83579848,2,17.8658,76.675393,spring
BA704,2285,,,,,,,,,-0.14,-0.26,,,,,0.1,1547.936572,23.71172447,,,87.936572,
BA705,2285.5,,,,,,,,,-0.15,-0.45,,,,,0.1,1551.6857,25.53651078,,,91.6857,
BA029,2287,,,,,,,,,-0.14,-0.64,,,,,0.1,1553.016573,23.09402846,,,93.016573,
BA030,2290,,,,,,,,,-0.13,-0.38,,,,,0.1,1555.003408,18.6811436,,,95.003408,
BA031,2293,,,,,,,,,-0.22,-0.6,,,,,0.1,1558.277052,16.55937378,,,98.277052,
BA706,2296,,,,,,,,,-0.27,-0.7,,,,,0.1,1558.750008,15.54356117,,,98.750008,
BA033,2299,,,,,,,,,-0.55,-1.36,,,,,0.1,1558.753178,15.16461635,,,98.753178,
BA707,2300.5,,,,,,,,,-0.72,-1.63,,,,,0.1,1559.600245,15.09084091,,,99.600245,
BA034,2302,,,,,,,,,-0.5,-0.82,,,,,0.1,1560.438456,14.89002164,,,100.438456,
BA035,2305,,,,,,,,,-0.63,-1,,,,,0.1,1563.125525,14.3118039,,,103.125525,
BA036,2308,,,,,,,,,-0.48,-1.04,,,,,0.1,1565.182543,13.83854182,,,105.182543,
BA037,2311,,,,,,,,,-0.54,-1.48,,,,,0.1,1566.624387,13.62665932,,,106.624387,
BA038,2314,,,,,,,,,-0.8,-1.85,,,,,0.1,1566.531921,13.47043013,,,106.531921,
BA039,2317,,,,,,,,,-0.72,-1.72,,,,,0.1,1567.326742,13.54091624,,,107.326742,
BA041,2323,,,,,,,,,-0.83,-1.72,,,,,0.1,1570.946345,13.54965532,,,110.946345,
BA043,2329,,,,,,,,,-0.95,-1.8,,,,,0.1,1575.36533,13.32830382,,,115.36533,
BA045,2335,,,,,,,,,-0.66,-1.71,,,,,0.1,1578.223118,13.23348516,,,118.223118,
BA047,2341,,,,,,,,,-0.83,-2.27,,,,,0.1,1579.806043,12.87563412,,,119.806043,
BA708,2345,,,,,,,,,-0.88,-2.28,,,,,0.1,1583.154054,12.83802637,,,123.154054,
BA049,2346,,,,,,,,,-0.77,-1.74,,,,,0.1,1585.002317,12.80341822,,,125.002317,
BA709,2351.5,,,,,,,,,-0.86,-1.64,,,,,0.1,1587.52065,12.8199652,,,127.52065,
BA051,2353,,,,,,,,,-0.68,-1.68,,,,,0.1,1586.618483,12.79139501,,,126.618483,
BA053,2359,,,,,,,,,-0.98,-1.98,,,,,0.1,1589.464645,12.83458597,,,129.464645,
BA055(2),2365,,,,,,,,,-0.85,-2.23,,,,,0.1,1592.004567,12.98363679,,,132.004567,
BA057,2371,,,,,,,,,-0.89,-2.08,,,,,0.1,1592.44766,13.07293966,,,132.44766,
BA059,2377,,,,,,,,,-1.19,-2.1,,,,,0.1,1594.410179,13.14478587,,,134.410179,
BA061,2383,,,,,,,,,-0.91,-1.42,,,,,0.1,1596.149658,13.22417971,,,136.149658,
BA063,2389,,,,,,,,,-1.2,-2.11,,,,,0.1,1597.658819,13.32938533,,,137.658819,
BA065,2395,,,,,,,,,-1.14,-1.99,,,,,0.1,1599.219818,13.40792086,,,139.219818,
BA067,2401,,,,,,,,,-1.4,-2.03,,,,,0.1,1600.683459,13.50126258,,,140.683459,
BA069,2407,,,,,,,,,-1.32,-1.99,,,,,0.1,1601.892986,13.55632271,,,141.892986,
BA710,2411,,,,,,,,,-1.2,-1.79,,,,,0.1,1603.457188,13.55976835,,,143.457188,
BA071,2413,,,,,,,,,-1.43,-2.22,,,,,0.1,1604.43366,13.50451481,,,144.43366,
BA073,2419,,,,,,,,,-1.31,-2.01,,,,,0.1,1606.071019,13.58244274,,,146.071019,
BA075,2425,,,,,,,,,-1.45,-2.22,,,,,0.1,1608.331112,13.62875207,,,148.331112,
BA077,2431,,,,,,,,,-1.36,-2.08,,,,,0.1,1610.420033,13.65903247,,,150.420033,
BA079,2437,,,,,,,,,-1.33,-1.83,,,,,0.1,1612.965629,13.71586004,,,152.965629,
BA081,2443,,,,,,,,,-1.43,-1.43,,,,,0.1,1614.668026,13.72171296,,,154.668026,
BA083,2449,,,,,,,,,-1.22,-1.51,,,,,0.1,1616.7847,13.81424514,,,156.7847,
BA085,2455,,,,,,,,,-1.56,-1,,,,,0.1,1618.030895,13.79425098,,,158.030895,
BA087,2461,508,18,19532,0.044,-0.239,0.081,0.545,43,-1.84,-1.23,BA,87,5,summer,0.1,1619.748534,13.87874282,3,24.4626,159.748534,summer
BA089,2461,507,9,16648,0.13,-0.139,0.131,0.603,21.8,-1.99,-1.52,BA,89,5,summer,0.1,1622.153474,13.70755801,3,25.1136,162.1534743,summer
BA091,2467,506,8,16008,0.128,-0.225,0.109,0.628,14,-2.05,-0.49,BA,91,5,summer,0.1,1624.558415,13.30366899,3,25.374,164.5584147,summer
BA093,2479,508,33,14734,0.071,-0.215,0.097,0.598,23.7,-2.14,-0.32,BA,93,5,summer,0.1,1626.963355,13.2796388,3,25.7646,166.963355,summer
BBavg01,2484,507,6,17583,0.141,-0.153,0.119,0.609,20.1,-1.76,0.17,BB,1,5,summer,0.1,1628.917904,13.19071871,3,24.1154,168.917904,summer
BB101,2484,,,,,,,,,-1.62,,,,,,0.1,1628.917904,13.19071871,,,168.917904,
BB201,2484,,,,,,,,,-1.56,,,,,,0.1,1628.917904,13.19071871,,,168.917904,
BB301,2484,,,,,,,,,-1.84,,,,,,0.1,1628.917904,13.19071871,,,168.917904,
BB401,2484,,,,,,,,,-1.65,,,,,,0.1,1628.917904,13.19071871,,,168.917904,
BB501,2484,,,,,,,,,-1.66,,,,,,0.1,1628.917904,13.19071871,,,168.917904,
BB003,2488,506,39,22763,-0.002,-0.212,0.097,0.544,43.4,-1.73,-0.04,BB,3,5,summer,0.1,1629.950742,13.11934998,3,23.9852,169.950742,summer
BB601a,2491,,,,,,,,,-1.82,0.13,,,,,0.1,1631.421504,13.01880882,,,171.421504,
BB005,2496,,,,,,,,,-1.77,-0.29,,,,,0.1,1633.235353,13.07182689,,,173.235353,
BB007,2502,505,35,21069,0.009,-0.235,0.101,0.565,35.2,-1.96,-0.36,BB,7,5,summer,0.1,1635.431249,12.76340388,3,24.9834,175.431249,summer
BB009,2508,,,,,,,,,-1.78,-0.19,,,,,0.1,1637.848971,11.74100945,,,177.848971,
BB011,2514,505,36,16722,0.066,-0.231,0.115,0.594,24.8,-1.83,-0.14,BB,11,5,summer,0.1,1640.141582,11.45792066,3,24.4192,180.141582,summer
BB013,2520,,,,,,,,,-1.75,-0.3,,,,,0.1,1642.740849,11.14361589,,,182.740849,
BB015,2526,,,,,,,,,-1.81,-0.53,,,,,0.1,1644.933692,10.88090995,,,184.933692,
BB017,2532,,,,,,,,,-1.55,-0.75,,,,,0.1,1647.229382,10.58795623,,,187.229382,
BB701,2534,,,,,,,,,-1.95,-1.39,,,,,0.1,1648.194916,10.07862591,,,188.194916,
BB019,2538,505,32,20829,0.011,-0.203,0.099,0.582,29.1,-1.84,-0.9,BB,19,5,summer,0.1,1649.816241,9.562554653,3,24.4626,189.816241,summer
BB021,2538,506,5,15218,0.103,-0.163,0.118,0.692,-3.7,-1.89,-1.34,BB,21,5,summer,0.1,1654.547813,9.057674996,3,24.6796,194.547813,summer
BB023,2550,,,,,,,,,-1.77,-1.37,,,,,0.1,1654.387657,8.370532391,,,194.387657,
BB025,2556,,,,,,,,,-1.75,-1.25,,,,,0.1,1656.734987,7.959595103,,,196.734987,
BB027,2562,508,20,19534,0.047,-0.232,0.098,0.577,30.9,-2.2,-1.08,BB,27,5,summer,0.1,1659.279385,7.604519668,3,26.025,199.279385,summer
BB029,2568,506,30,13856,0.078,-0.285,0.109,0.524,52,-2.24,-1.12,BB,29,5,summer,0.1,1661.567531,8.109283626,3,26.1986,201.567531,summer
BB031,2574,505,38,20494,0.021,-0.31,0.091,0.518,54.6,-1.96,-1.19,BB,31,5,summer,0.1,1663.80089,7.130630491,3,24.9834,203.80089,summer
BB033,2580,,,,,,,,,-1.76,-1.48,,,,,0.1,1665.993753,7.30124181,,,205.993753,
BB035,2586,507,15,17710,0.127,-0.135,0.114,0.635,12.1,-2.1,-1.44,BB,35,5,summer,0.1,1668.047677,9.882030405,3,25.591,208.047677,summer
BB037,2592,506,14,18353,0.089,-0.198,0.112,0.656,5.9,-2.18,-0.82,BB,37,5,summer,0.1,1670.177086,9.774228551,3,25.9382,210.177086,summer
BB701,2534,506,17,16981,0.067,-0.201,0.115,0.653,6.7,-1.8,-1.12,BB,701,5,summer,0.1,1648.194916,10.39318418,3,24.289,188.194916,summer
BB702,2596,,,,,,,,,-1.88,-1.07,,,,,0.1,1671.506514,11.0121398,,,211.506514,
BB703,2597,,,,,,,,,-2.18,-1.15,,,,,0.1,1671.812432,10.48486055,,,211.812432,
BB039,2598,,,,,,,,,-1.96,-1.04,,,,,0.1,1672.117655,10.76362081,,,212.117655,
BB704,2599,,,,,,,,,-2.13,-1.2,,,,,0.1,1672.468835,11.52145178,,,212.468835,
BB705,2602,,,,,,,,,-1.84,-1.33,,,,,0.1,1673.418863,17.49620086,,,213.418863,
BB041,2604,,,,,,,,,-1.98,-1.9,,,,,0.1,1674.061499,17.90959349,,,214.061499,
BB043(2),2610,,,,,,,,,-1.45,-1.21,,,,,0.1,1677.234934,49.14146848,,,217.234934,
BB045(2),2616,,,,,,,,,-1.87,-1.64,,,,,0.1,1679.669804,51.64182804,,,219.669804,
BB047,2622,,,,,,,,,-1.72,-1.74,,,,,0.1,1682.398452,12.77237282,,,222.398452,
BB049,2628,,,,,,,,,-1.57,-0.98,,,,,0.1,1683.600655,59.81844128,,,223.600655,
BB051,2634,,,,,,,,,-1.77,-1.17,,,,,0.1,1685.468246,6.650835584,,,225.468246,
BB053,2640,,,,,,,,,-1.61,-0.99,,,,,0.1,1687.226186,6.046316686,,,227.226186,
BB055(1),2646,,,,,,,,,-1.68,-0.73,,,,,0.1,1689.281052,6.129705074,,,229.281052,
BB706,2650.5,,,,,,,,,-1.56,-0.56,,,,,0.1,1691.160497,6.160395174,,,231.160497,
BB057,2652,,,,,,,,,-1.61,-0.18,,,,,0.1,1691.549933,6.149194334,,,231.549933,
BB059,2658,,,,,,,,,-1.97,-0.32,,,,,0.1,1693.545563,6.909692584,,,233.545563,
BB707,2662,,,,,,,,,-1.28,0.26,,,,,0.1,1695.048697,5.599202431,,,235.048697,
BB061,2664,,,,,,,,,-1.67,-0.66,,,,,0.1,1695.485722,5.720001386,,,235.485722,
BB063,2670,,,,,,,,,-1.61,-0.98,,,,,0.1,1697.905447,5.493120151,,,237.905447,
BB065,2676,,,,,,,,,-1.47,-0.93,,,,,0.1,1700.414102,5.453355912,,,240.414102,
BB067,2682,,,,,,,,,-1.34,-1.18,,,,,0.1,1703.048025,5.570744032,,,243.048025,
BB069,2688,,,,,,,,,-1.56,-1.37,,,,,0.1,1705.354323,5.746158072,,,245.354323,
BB071,2694,,,,,,,,,-1.53,-1.47,,,,,0.1,1708.028096,5.743880313,,,248.028096,
BB073,2700,,,,,,,,,-1.34,-1.39,,,,,0.1,1710.706375,5.656973396,,,250.706375,
BB075,2706,,,,,,,,,-0.99,-0.93,,,,,0.1,1713.68376,5.478793569,,,253.68376,
BB079,2718,,,,,,,,,-1.01,-0.84,,,,,0.1,1719.655819,5.760108077,,,259.655819,
BB081,2724,,,,,,,,,-1.02,-0.81,,,,,0.1,1722.767423,5.711339611,,,262.767423,
BB083,2730,,,,,,,,,-1.03,-1.79,,,,,0.1,1726.084942,5.654808205,,,266.084942,
BB085,2736,,,,,,,,,-0.9,-1.02,,,,,0.1,1729.036603,5.432127274,,,269.036603,
BB087,2742,,,,,,,,,-0.92,-1.81,,,,,0.1,1733.012721,5.365290682,,,273.012721,
BB089,2748,,,,,,,,,-0.93,-1.38,,,,,0.1,1736.763806,5.371400592,,,276.763806,
BB708,2750,,,,,,,,,-1.03,-1.53,,,,,0.1,1738.328789,5.19033757,,,278.328789,
BB091,2754,,,,,,,,,-0.83,-1.37,,,,,0.1,1741.588037,5.020207719,,,281.588037,
BB093,2760,,,,,,,,,0,-0.25,,,,,0.1,1746.36294,3.111405973,,,286.36294,
BB095,2766,,,,,,,,,-0.24,-1.72,,,,,0.1,1751.508475,3.442381058,,,291.508475,
BB096,2769,,,,,,,,,-0.31,-1.59,,,,,0.1,1753.66262,4.007812983,,,293.66262,
BB097,2772,,,,,,,,,0.27,-1.21,,,,,0.1,1756.992473,5.323281092,,,296.992473,
BB098,2775,,,,,,,,,0.11,-1.65,,,,,0.1,1766.832863,32.14236078,,,306.832863,
BB099,2778,,,,,,,,,0.39,-1.23,,,,,0.1,1772.859521,42.32376638,,,312.859521,
BB0100,2781,,,,,,,,,-0.03,-1.07,,,,,0.1,1779.155011,49.09262717,,,319.155011,
BB0101,2784,,,,,,,,,0.42,-1.18,,,,,0.1,1786.889434,55.77369227,,,326.889434,
BB0102,2787,,,,,,,,,0.3,-0.09,,,,,0.1,1779.395389,36.48781828,,,319.395389,
BB0103,2790,,,,,,,,,0.32,-0.65,,,,,0.1,1799.890806,62.41706983,,,339.890806,
BB0104,2793,,,,,,,,,0.27,-0.52,,,,,0.1,1795.231397,51.49204693,,,335.231397,
BB709,2795,,,,,,,,,0.28,0.46,,,,,0.1,1786.56692,1.051891889,,,326.56692,
BB0105,2796,,,,,,,,,0.7,0.85,,,,,0.1,1788.660983,,,,328.660983,
BB0107,2802,,,,,,,,,0.02,0.41,,,,,0.1,1929.972455,,,,104.972455,
