Specimen,ID,d13C ,d13C_SD,d18Occ ,d18O_SD,Final_D47,D47_SD,Modelled age,Modelled age_align,Modelled age_align,Modelled age_align1
R. diluvianum,002,0.805,0.011056171,-1.479,0.011056171,0.71,0.171543583,0.169863014,0.586529681,0.586529681,0.503196347
R. diluvianum,2,3.31,0.010757909,-1.289,0.010757909,0.692,0.137839489,0.169863014,0.586529681,0.586529681,0.503196347
R. diluvianum,3,3.399,0.011123146,-0.909,0.011123146,0.722,0.167284166,0.997260274,0.413926941,0.413926941,0.330593607
R. diluvianum,3,3.397,0.011123146,-0.947,0.048482423,0.641,0.044,0.997260274,0.413926941,0.413926941,0.330593607
R. diluvianum,4,3.274,0.010296425,-1.298,0.010296425,0.717,0.134447517,0.904109589,0.320776256,0.320776256,0.237442922
R. diluvianum,4,3.248,0.010071804,-1.324,0.010071804,0.693,0.155916758,0.904109589,0.320776256,0.320776256,0.237442922
R. diluvianum,5,3.346,0.010406446,-1.582,0.048482423,0.664,0.044,0.805479452,0.222146119,0.222146119,0.138812785
R. diluvianum,5,3.085,0.009744446,-1.406,0.009744446,0.656,0.137063699,0.805479452,0.222146119,0.222146119,0.138812785
R. diluvianum,5,3.345,0.011068446,-1.536,0.011068446,0.707,0.162270394,0.805479452,0.222146119,0.222146119,0.138812785
R. diluvianum,006,0.544,0.013777553,-2.252,0.013777553,0.704,0.130565081,0.684931507,0.101598174,0.101598174,0.01826484
R. diluvianum,6,3.673,0.012593238,-0.824,0.012593238,0.703,0.125332157,0.684931507,0.101598174,0.101598174,0.01826484
R. diluvianum,6,3.597,0.01327405,-0.817,0.01327405,0.644,0.102040247,0.684931507,0.101598174,0.101598174,0.01826484
R. diluvianum,6,3.615,0.012456144,-0.822,0.012456144,0.684,0.120460277,0.684931507,0.101598174,0.101598174,0.01826484
R. diluvianum,007,2.619,0.011718887,-1.788,0.011718887,0.67,0.146169208,0.419178082,0.835844749,0.835844749,0.752511415
R. diluvianum,7,3.584,0.009749246,-0.908,0.009749246,0.682,0.097223373,0.419178082,0.835844749,0.835844749,0.752511415
R. diluvianum,7,3.53,0.010493104,-0.962,0.010493104,0.666,0.132581393,0.419178082,0.835844749,0.835844749,0.752511415
R. diluvianum,7,3.564,0.008965112,-0.937,0.008965112,0.731,0.185878199,0.419178082,0.835844749,0.835844749,0.752511415
R. diluvianum,8,3.442,0.015318756,-1.547,0.015318756,0.671,0.135114944,0,0.416666667,0.416666667,0.333333333
R. diluvianum,8,3.39,0.01150407,-1.749,0.01150407,0.707,0.118859126,0,0.416666667,0.416666667,0.333333333
R. diluvianum,8,3.366,0.009316901,-1.689,0.009316901,0.701,0.142211924,0,0.416666667,0.416666667,0.333333333
R. diluvianum,9,3.282,0.013113601,-1.617,0.013113601,0.683,0.145974205,0.906849315,0.323515982,0.323515982,0.240182648
R. diluvianum,9,3.318,0.013145005,-0.724,0.013145005,0.7,0.120100119,0.906849315,0.323515982,0.323515982,0.240182648
R. diluvianum,10,3.248,0.009911846,-1.605,0.009911846,0.676,0.153976043,0.808219178,0.224885845,0.224885845,0.141552511
R. diluvianum,011,1.784,0.007867506,-1.927,0.007867506,0.669,0.127786842,0.687671233,0.1043379,0.1043379,0.021004566
R. diluvianum,11,3.492,0.010005697,-0.81,0.010005697,0.693,0.093106564,0.687671233,0.1043379,0.1043379,0.021004566
R. diluvianum,11,3.466,0.00787041,-0.862,0.00787041,0.621,0.093787183,0.687671233,0.1043379,0.1043379,0.021004566
R. diluvianum,12,3.745,0.008864599,-0.72,0.008864599,0.737,0.112733188,0.684931507,0.101598174,0.101598174,0.01826484
R. diluvianum,013,2.325,0.015359829,-1.852,0.048482423,0.658,0.044,0.61369863,0.030365297,0.030365297,0.947031963
R. diluvianum,13,4.048,0.015359829,-0.718,0.015359829,0.638,0.100267923,0.61369863,0.030365297,0.030365297,0.947031963
R. diluvianum,13,4.006,0.011349141,-0.766,0.011349141,0.756,0.14990895,0.61369863,0.030365297,0.030365297,0.947031963
R. diluvianum,14,3.901,0.010722797,-1.034,0.010722797,0.756,0.164275371,0.490410959,0.907077626,0.907077626,0.823744292
R. diluvianum,14,3.857,0.009671611,-1.037,0.009671611,0.674,0.122753744,0.490410959,0.907077626,0.907077626,0.823744292
R. diluvianum,15,3.581,0.01127737,-1.369,0.01127737,0.641,0.172335716,0.369863014,0.786529681,0.786529681,0.703196347
R. diluvianum,15,3.495,0.010681527,-1.411,0.010681527,0.695,0.146011612,0.369863014,0.786529681,0.786529681,0.703196347
R. diluvianum,016,2.547,0.01612229,-1.586,0.048482423,0.629,0.044,0.260273973,0.67694064,0.67694064,0.593607306
R. diluvianum,16,3.521,0.01612229,-1.609,0.01612229,0.63,0.128769111,0.260273973,0.67694064,0.67694064,0.593607306
R. diluvianum,17,3.489,0.011493479,-1.772,0.0127616,0.599,0.122391862,0,0.416666667,0.416666667,0.333333333
R. diluvianum,17,3.551,0.011493479,-1.802,0.0127616,0.594,0.122391862,0,0.416666667,0.416666667,0.333333333
R. diluvianum,18,3.505,0.010631968,-1.806,0.010631968,0.68,0.098731005,0.071232877,0.487899544,0.487899544,0.40456621
R. diluvianum,18,3.518,0.012003061,-1.719,0.012003061,0.697,0.149080425,0.071232877,0.487899544,0.487899544,0.40456621
R. diluvianum,19,3.682,0.01003838,-1.623,0.01003838,0.676,0.128837516,0.98630137,0.402968037,0.402968037,0.319634703
R. diluvianum,19,3.708,0.007857525,-1.559,0.007857525,0.618,0.12551329,0.98630137,0.402968037,0.402968037,0.319634703
R. diluvianum,21,3.459,0.009862811,-0.856,0.009862811,0.686,0.108235013,0.832876712,0.249543379,0.249543379,0.166210045
R. diluvianum,21,3.507,0.01526898,-0.858,0.01526898,0.703,0.116162357,0.832876712,0.249543379,0.249543379,0.166210045
R. diluvianum,22,3.538,0.011818589,-0.769,0.011818589,0.633,0.102037791,0.75890411,0.175570777,0.175570777,0.092237443
R. diluvianum,22,3.596,0.010728838,-0.768,0.010728838,0.681,0.103468884,0.75890411,0.175570777,0.175570777,0.092237443
R. diluvianum,23,3.338,0.013735364,-0.929,0.013735364,0.777,0.103173269,0.687671233,0.1043379,0.1043379,0.021004566
R. diluvianum,23,3.386,0.013893408,-0.917,0.013893408,0.623,0.109823302,0.687671233,0.1043379,0.1043379,0.021004566
R. diluvianum,24,3.393,0.010231778,-0.859,0.010231778,0.674,0.091544864,0.64109589,0.057762557,0.057762557,0.974429223
R. diluvianum,24,3.418,0.010311141,-0.884,0.010311141,0.795,0.103209896,0.64109589,0.057762557,0.057762557,0.974429223
R. diluvianum,25,3.321,0.013659935,-0.882,0.013659935,0.676,0.09174053,0.594520548,0.011187215,0.011187215,0.927853881
R. diluvianum,25,3.159,0.011463191,-0.993,0.011463191,0.674,0.109534879,0.594520548,0.011187215,0.011187215,0.927853881
R. diluvianum,26,3.289,0.013983616,-0.845,0.013983616,0.708,0.119115644,0.547945205,0.964611872,0.964611872,0.881278538
R. diluvianum,26,3.313,0.01367999,-0.937,0.01367999,0.708,0.098176632,0.547945205,0.964611872,0.964611872,0.881278538
R. diluvianum,27,2.949,0.012824572,-1.202,0.012824572,0.698,0.102519401,0.501369863,0.91803653,0.91803653,0.834703196
R. diluvianum,27,2.983,0.014760758,-1.072,0.014760758,0.608,0.138407347,0.501369863,0.91803653,0.91803653,0.834703196
R. diluvianum,28,2.946,0.010518266,-1.119,0.010518266,0.66,0.101229704,0.449315068,0.865981735,0.865981735,0.782648401
R. diluvianum,28,3.003,0.014805397,-1.078,0.014805397,0.722,0.098733796,0.449315068,0.865981735,0.865981735,0.782648401
R. diluvianum,29,2.823,0.008691503,-1.313,0.008691503,0.723,0.097363182,0.389041096,0.805707763,0.805707763,0.722374429
R. diluvianum,29,2.828,0.010200064,-1.362,0.010200064,0.619,0.083587054,0.389041096,0.805707763,0.805707763,0.722374429
R. diluvianum,32,2.959,0.011693444,-1.619,0.011693444,0.669,0.137976161,0.032876712,0.449543379,0.449543379,0.366210045
R. diluvianum,32,2.951,0.011693444,-1.498,0.0127616,0.649,0.122391862,0,0.416666667,0.416666667,0.333333333
R. diluvianum,33,3.086,0.011493479,-1.202,0.0127616,0.635,0.122391862,0,0.416666667,0.416666667,0.333333333
R. diluvianum,33,3.122,0.011493479,-1.269,0.0127616,0.789,0.122391862,0,0.416666667,0.416666667,0.333333333
R. diluvianum,33,3.1,0.011493479,-1.316,0.0127616,0.684,0.122391862,0,0.416666667,0.416666667,0.333333333
R. diluvianum,34,3.228,0.011493479,-1.451,0.0127616,0.678,0.122391862,0,0.416666667,0.416666667,0.333333333
R. diluvianum,34,3.212,0.011493479,-1.295,0.0127616,0.683,0.122391862,0,0.416666667,0.416666667,0.333333333
R. diluvianum,34,3.31,0.011493479,-1.481,0.0127616,0.666,0.122391862,0,0.416666667,0.416666667,0.333333333
R. diluvianum,35,3.358,0.011493479,-0.808,0.0127616,0.649,0.122391862,0,0.416666667,0.416666667,0.333333333
R. diluvianum,36,3.433,0.00903984,-1.005,0.00903984,0.673,0.10878562,0.736986301,0.153652968,0.153652968,0.070319634
R. diluvianum,36,3.398,0.01260716,-1.024,0.01260716,0.694,0.106909499,0.736986301,0.153652968,0.153652968,0.070319634
R. diluvianum,37,3.52,0.012155551,-0.878,0.012155551,0.689,0.135048072,0.687671233,0.1043379,0.1043379,0.021004566
R. diluvianum,37,3.477,0.010051234,-0.909,0.010051234,0.679,0.145833207,0.687671233,0.1043379,0.1043379,0.021004566
R. diluvianum,38,3.587,0.008644343,-0.945,0.008644343,0.715,0.150195507,0.62739726,0.044063927,0.044063927,0.960730593
R. diluvianum,38,3.592,0.011146466,-0.963,0.011146466,0.665,0.14701763,0.62739726,0.044063927,0.044063927,0.960730593
R. diluvianum,39,3.424,0.01219247,-1.108,0.01219247,0.635,0.123056997,0.564383562,0.981050229,0.981050229,0.897716895
R. diluvianum,39,3.487,0.012255892,-1.047,0.012255892,0.719,0.140984534,0.564383562,0.981050229,0.981050229,0.897716895
R. diluvianum,39,3.525,0.00937808,-1.114,0.00937808,0.7,0.113394716,0.564383562,0.981050229,0.981050229,0.897716895
R. diluvianum,40,3.572,0.010426356,-1.414,0.010426356,0.695,0.12098114,0.495890411,0.912557078,0.912557078,0.829223744
R. diluvianum,40,3.562,0.012941851,-1.348,0.012941851,0.698,0.125651882,0.495890411,0.912557078,0.912557078,0.829223744
R. diluvianum,40,3.594,0.00916527,-1.435,0.00916527,0.726,0.147690872,0.495890411,0.912557078,0.912557078,0.829223744
R. diluvianum,41,3.72,0.010298411,-1.402,0.010298411,0.723,0.122436907,0.416438356,0.833105023,0.833105023,0.749771689
R. diluvianum,41,3.694,0.012567724,-1.419,0.012567724,0.641,0.151248728,0.416438356,0.833105023,0.833105023,0.749771689
R. diluvianum,42,3.7,0.012243604,-1.607,0.012243604,0.59,0.149916545,0.326027397,0.742694064,0.742694064,0.65936073
R. diluvianum,42,3.684,0.010490592,-1.544,0.010490592,0.656,0.165345989,0.326027397,0.742694064,0.742694064,0.65936073
R. diluvianum,43,3.681,0.012947062,-1.478,0.012947062,0.672,0.149384038,0.208219178,0.624885845,0.624885845,0.541552511
R. diluvianum,43,3.717,0.01170796,-1.508,0.01170796,0.669,0.133797915,0.208219178,0.624885845,0.624885845,0.541552511
R. diluvianum,43,3.751,0.01117218,-1.619,0.01117218,0.729,0.126365062,0.208219178,0.624885845,0.624885845,0.541552511
R. diluvianum,44,3.618,0.009058035,-1.228,0.009058035,0.678,0.117895107,0.046575342,0.463242009,0.463242009,0.379908675
R. diluvianum,44,3.604,0.016006919,-1.325,0.016006919,0.685,0.133327297,0.046575342,0.463242009,0.463242009,0.379908675
R. diluvianum,45,3.832,0.010271201,-0.861,0.010271201,0.69,0.117538938,0.904109589,0.320776256,0.320776256,0.237442922
R. diluvianum,45,3.825,0.01371954,-0.791,0.01371954,0.702,0.115611344,0.904109589,0.320776256,0.320776256,0.237442922
R. diluvianum,46,3.848,0.011513464,-0.824,0.011513464,0.636,0.108132379,0.852054795,0.268721462,0.268721462,0.185388128
R. diluvianum,46,3.818,0.014221262,-0.964,0.014221262,0.628,0.160542652,0.852054795,0.268721462,0.268721462,0.185388128
R. diluvianum,47,3.816,0.008579699,-0.786,0.008579699,0.711,0.160153298,0.8,0.216666667,0.216666667,0.133333333
R. diluvianum,47,3.789,0.012758718,-0.738,0.012758718,0.719,0.114606847,0.8,0.216666667,0.216666667,0.133333333
R. diluvianum,48,3.821,0.012393644,-0.873,0.012393644,0.656,0.092388005,0.745205479,0.161872146,0.161872146,0.078538812
R. diluvianum,48,3.812,0.011260015,-0.92,0.011260015,0.693,0.140584572,0.745205479,0.161872146,0.161872146,0.078538812
R. diluvianum,49,3.718,0.01054698,-0.762,0.01054698,0.631,0.087037771,0.687671233,0.1043379,0.1043379,0.021004566
R. diluvianum,49,3.772,0.012879579,-0.829,0.012879579,0.613,0.120455288,0.687671233,0.1043379,0.1043379,0.021004566
R. diluvianum,50,3.521,0.009456357,-0.982,0.009456357,0.665,0.131441361,0.630136986,0.046803653,0.046803653,0.963470319
R. diluvianum,50,3.574,0.009391266,-0.889,0.009391266,0.685,0.077573442,0.630136986,0.046803653,0.046803653,0.963470319
R. diluvianum,50,3.614,0.014603816,-0.825,0.014603816,0.678,0.111923532,0.630136986,0.046803653,0.046803653,0.963470319
R. diluvianum,51,3.66,0.011667944,-0.808,0.011667944,0.688,0.13559252,0.567123288,0.983789955,0.983789955,0.900456621
R. diluvianum,51,3.706,0.013107787,-0.728,0.013107787,0.683,0.086271366,0.567123288,0.983789955,0.983789955,0.900456621
R. diluvianum,51,3.834,0.008451787,-0.667,0.008451787,0.679,0.116154793,0.567123288,0.983789955,0.983789955,0.900456621
R. diluvianum,51,3.699,0.016763804,-0.653,0.016763804,0.704,0.139674175,0.567123288,0.983789955,0.983789955,0.900456621
R. diluvianum,51,3.683,0.011084881,-0.828,0.011084881,0.68,0.115583894,0.567123288,0.983789955,0.983789955,0.900456621
R. diluvianum,51,3.665,0.013612117,-0.861,0.013612117,0.691,0.130146812,0.567123288,0.983789955,0.983789955,0.900456621
R. diluvianum,51,3.606,0.010787455,-0.766,0.010787455,0.682,0.127687459,0.567123288,0.983789955,0.983789955,0.900456621
R. diluvianum,51,3.666,0.00939203,-0.67,0.00939203,0.64,0.109851278,0.567123288,0.983789955,0.983789955,0.900456621
R. diluvianum,51,3.635,0.007174451,-0.638,0.007174451,0.67,0.13004827,0.567123288,0.983789955,0.983789955,0.900456621
R. diluvianum,52,3.374,0.008812062,-1.129,0.008812062,0.696,0.137536112,0.498630137,0.915296804,0.915296804,0.83196347
R. diluvianum,52,3.366,0.009668454,-1.303,0.009668454,0.672,0.16701637,0.498630137,0.915296804,0.915296804,0.83196347
R. diluvianum,53,2.98,0.009741979,-1.29,0.009741979,0.656,0.086031819,0.421917808,0.838584475,0.838584475,0.755251141
R. diluvianum,53,3.045,0.012038394,-1.116,0.012038394,0.684,0.130672796,0.421917808,0.838584475,0.838584475,0.755251141
R. diluvianum,53,3.015,0.012984014,-1.277,0.012984014,0.705,0.143312871,0.421917808,0.838584475,0.838584475,0.755251141
R. diluvianum,53,2.955,0.011390565,-1.348,0.011390565,0.665,0.094094207,0.421917808,0.838584475,0.838584475,0.755251141
R. diluvianum,53,3.109,0.012718154,-1.02,0.0127616,0.578,0.122391862,0.421917808,0.838584475,0.838584475,0.755251141
R. diluvianum,53,3.159,0.012718154,-1.237,0.012718154,0.605,0.125173305,0.421917808,0.838584475,0.838584475,0.755251141
R. diluvianum,54,3.439,0.010446665,-1.22,0.010446665,0.646,0.106209997,0.328767123,0.74543379,0.74543379,0.662100456
A. incurva,A002,1.60776568,0.012249937,-0.228633136,0.01401522,0.776562867,0.177999075,0.142465753,0.225799086,0.225799086,0.142465753
A. incurva,A002,1.542774442,0.012249937,0.105752019,0.01401522,0.638376026,0.177999075,0.142465753,0.225799086,0.225799086,0.142465753
A. incurva,A003,1.773734321,0.011239135,0.00098489,0.024445457,0.724701036,0.142612876,0.202739726,0.286073059,0.286073059,0.202739726
A. incurva,A004,1.780613757,0.012302074,-0.06823979,0.021002504,0.755383752,0.115864343,0.257534247,0.34086758,0.34086758,0.257534247
A. incurva,A004,1.72713033,0.012302074,-0.297071523,0.021002504,0.666966346,0.115864343,0.257534247,0.34086758,0.34086758,0.257534247
A. incurva,A005,1.818637068,0.008324025,-0.186196491,0.024778367,0.723119362,0.134137662,0.312328767,0.3956621,0.3956621,0.312328767
A. incurva,A006,1.792286867,0.012761242,-0.225735519,0.022897524,0.665187971,0.152427633,0.364383562,0.447716895,0.447716895,0.364383562
A. incurva,A006,1.81001529,0.012761242,-0.226989279,0.022897524,0.792343898,0.152427633,0.364383562,0.447716895,0.447716895,0.364383562
A. incurva,A006,1.788406297,0.012761242,-0.21060168,0.022897524,0.66789372,0.152427633,0.364383562,0.447716895,0.447716895,0.364383562
A. incurva,A016,1.924688407,0.008609688,0.082249426,0.029285166,0.699860914,0.1054736,0.830136986,0.913470319,0.913470319,0.830136986
A. incurva,A007,1.845562194,0.010073095,-0.215111049,0.019734488,0.728264534,0.163769064,0.830136986,0.913470319,0.913470319,0.830136986
A. incurva,A007,1.860761262,0.010073095,-0.127667734,0.019734488,0.779019317,0.163769064,0.830136986,0.913470319,0.913470319,0.830136986
A. incurva,A007,1.760281975,0.010073095,-0.655938325,0.019734488,0.730294765,0.163769064,0.830136986,0.913470319,0.913470319,0.830136986
A. incurva,A007,1.891371164,0.010073095,-0.074201514,0.019734488,0.698244252,0.163769064,0.95890411,0.042237443,0.042237443,0.95890411
A. incurva,A008,1.847991971,0.011677857,-0.082707813,0.01880032,0.750591502,0.120347522,0.95890411,0.042237443,0.042237443,0.95890411
A. incurva,A008,1.915684308,0.011677857,0.150651544,0.01880032,0.667881975,0.120347522,0.046575342,0.129908675,0.129908675,0.046575342
A. incurva,A009,1.720856344,0.01622273,-0.186709177,0.021283803,0.716476501,0.17375107,0.046575342,0.129908675,0.129908675,0.046575342
A. incurva,A009,2.005777994,0.01622273,0.100790724,0.021283803,0.802919141,0.17375107,0.046575342,0.129908675,0.129908675,0.046575342
A. incurva,A009,1.879447704,0.01622273,0.019899769,0.021283803,0.695646638,0.17375107,0.046575342,0.129908675,0.129908675,0.046575342
A. incurva,A009,1.795669905,0.01622273,-0.054687053,0.021283803,0.756296267,0.17375107,0.115068493,0.198401826,0.198401826,0.115068493
A. incurva,A010,1.887534087,0.010979663,-0.051220233,0.016783914,0.600831194,0.163897976,0.115068493,0.198401826,0.198401826,0.115068493
A. incurva,A010,1.855031419,0.010979663,0.044419172,0.016783914,0.701261013,0.163897976,0.178082192,0.261415525,0.261415525,0.178082192
A. incurva,A011,1.655542178,0.008253972,-0.162836752,0.018589489,0.729235153,0.152276501,0.178082192,0.261415525,0.261415525,0.178082192
A. incurva,A011,1.703219837,0.008253972,-0.05197096,0.018589489,0.690891378,0.152276501,0.178082192,0.261415525,0.261415525,0.178082192
A. incurva,A011,1.68830199,0.008253972,-0.086964392,0.018589489,0.751152299,0.152276501,0.235616438,0.318949771,0.318949771,0.235616438
A. incurva,A012,1.909551264,0.012995201,-0.127739794,0.022065914,0.752352399,0.11905399,0.290410959,0.373744292,0.373744292,0.290410959
A. incurva,A013,1.702845686,0.010355223,-0.007755513,0.016460905,0.711417667,0.149347145,0.290410959,0.373744292,0.373744292,0.290410959
A. incurva,A013,1.790911256,0.010355223,-0.242871715,0.016460905,0.670402361,0.149347145,0.342465753,0.425799086,0.425799086,0.342465753
A. incurva,A014,2.0454596,0.010413401,-0.099082243,0.004,0.734725406,0.03,0.342465753,0.425799086,0.425799086,0.342465753
A. incurva,A014,2.073409138,0.010413401,-0.125207347,0.004,0.769816465,0.03,0.936986301,0.020319634,0.020319634,0.936986301
A. incurva,A015,2.045266125,0.01025346,-0.173775084,0.016419403,0.686397525,0.171558227,0.936986301,0.020319634,0.020319634,0.936986301
A. incurva,A015,2.085257363,0.01025346,-0.056097116,0.016419403,0.803095773,0.171558227,0.936986301,0.020319634,0.020319634,0.936986301
A. incurva,A015,2.132246193,0.01025346,-0.082280374,0.016419403,0.714541934,0.171558227,0.969863014,0.053196347,0.053196347,0.969863014
A. incurva,A016,1.896813412,0.008609688,0.096116407,0.029285166,0.754218276,0.1054736,0.969863014,0.053196347,0.053196347,0.969863014
A. incurva,A017,1.971990049,0.010413401,-0.080279872,0.004,0.754027237,0.03,0.002739726,0.086073059,0.086073059,0.002739726
A. incurva,A017,1.871905142,0.010413401,-0.123717337,0.004,0.715428565,0.03,0.002739726,0.086073059,0.086073059,0.002739726
A. incurva,A017,1.937756808,0.010413401,-0.083249518,0.004,0.765461998,0.03,0.002739726,0.086073059,0.086073059,0.002739726
A. incurva,A018,1.867412627,0.012396538,0.036983094,0.019575997,0.738634799,0.164020325,0.032876712,0.116210045,0.116210045,0.032876712
A. incurva,A019,1.60872617,0.012143946,-0.100532809,0.01587459,0.631645414,0.12668048,0.065753425,0.149086758,0.149086758,0.065753425
A. incurva,A019,1.686046609,0.012143946,-0.119867314,0.01587459,0.723412164,0.12668048,0.065753425,0.149086758,0.149086758,0.065753425
A. incurva,A019,1.684072196,0.012143946,-0.187104587,0.01587459,0.707911635,0.12668048,0.065753425,0.149086758,0.149086758,0.065753425
A. incurva,A020,1.349010845,0.008420508,-0.403274639,0.012321882,0.743269066,0.141886624,0.098630137,0.18196347,0.18196347,0.098630137
A. incurva,A020,1.221692725,0.008420508,-0.377032422,0.012321882,0.627344893,0.141886624,0.098630137,0.18196347,0.18196347,0.098630137
A. incurva,A021,1.907640258,0.010413401,-0.109619408,0.004,0.751200854,0.03,0.134246575,0.217579908,0.217579908,0.134246575
A. incurva,A021,1.626850096,0.010413401,-0.237619164,0.004,0.732098182,0.03,0.134246575,0.217579908,0.217579908,0.134246575
A. incurva,A022,1.688962897,0.010263951,-0.222668023,0.023191205,0.715967364,0.188201563,0.169863014,0.253196347,0.253196347,0.169863014
A. incurva,A022,1.717369839,0.010263951,-0.505825133,0.023191205,0.756237813,0.188201563,0.169863014,0.253196347,0.253196347,0.169863014
A. incurva,A022,1.958740562,0.010263951,0.087230803,0.023191205,0.716509006,0.188201563,0.169863014,0.253196347,0.253196347,0.169863014
A. incurva,A023,1.51156363,0.009436968,-0.48696903,0.014437278,0.800168027,0.121661673,0.208219178,0.291552511,0.291552511,0.208219178
A. incurva,A023,1.58338702,0.009436968,-0.295415149,0.014437278,0.751715637,0.121661673,0.208219178,0.291552511,0.291552511,0.208219178
A. incurva,A023,1.485875505,0.009436968,-1.007217478,0.014437278,0.729451222,0.121661673,0.208219178,0.291552511,0.291552511,0.208219178
A. incurva,A023,1.473642368,0.009436968,-0.611145398,0.014437278,0.774641858,0.121661673,0.208219178,0.291552511,0.291552511,0.208219178
A. incurva,A024,1.556096716,0.011765964,-0.911400367,0.023977813,0.660248224,0.147102586,0.249315068,0.332648401,0.332648401,0.249315068
A. incurva,A024,1.615179121,0.011765964,-0.840087051,0.023977813,0.713845836,0.147102586,0.249315068,0.332648401,0.332648401,0.249315068
A. incurva,A025,1.13343285,0.013081009,-2.034342546,0.022331737,0.76907688,0.184697299,0.295890411,0.379223744,0.379223744,0.295890411
A. incurva,A025,1.559815775,0.013081009,-1.100507241,0.022331737,0.693869188,0.184697299,0.295890411,0.379223744,0.379223744,0.295890411
A. incurva,A026,1.400165991,0.010413401,-1.3989201,0.004,0.670574602,0.03,0.350684932,0.434018265,0.434018265,0.350684932
A. incurva,A026,1.643044793,0.010413401,-1.045924611,0.004,0.702677994,0.03,0.350684932,0.434018265,0.434018265,0.350684932
A. incurva,A027,1.349431337,0.011616874,-2.087797436,0.030128524,0.667295732,0.147247185,0.424657534,0.507990867,0.507990867,0.424657534
A. incurva,A028,1.596572258,0.011526437,-1.088840961,0.017516431,0.696311495,0.155602781,0.934246575,0.017579908,0.017579908,0.934246575
A. incurva,A028,1.711942431,0.011526437,-0.940353156,0.017516431,0.647717325,0.155602781,0.934246575,0.017579908,0.017579908,0.934246575
A. incurva,A029,1.566946599,0.009188975,-1.572930447,0.028085144,0.578129377,0.12302504,0.967123288,0.050456621,0.050456621,0.967123288
A. incurva,A029,1.45727096,0.009188975,-2.132329674,0.028085144,0.643358521,0.12302504,0.967123288,0.050456621,0.050456621,0.967123288
A. incurva,A030,1.799328041,0.010413401,-1.507997153,0.004,0.659916011,0.03,0,0.083333333,0.083333333,0
A. incurva,A030,1.730465485,0.010413401,-1.787104775,0.004,0.713171592,0.03,0,0.083333333,0.083333333,0
A. incurva,A031,2.12116171,0.010457691,-1.532362553,0.029523769,0.628926512,0.128975676,0.030136986,0.113470319,0.113470319,0.030136986
A. incurva,A031,2.044543683,0.010457691,-1.767831139,0.029523769,0.695590284,0.128975676,0.030136986,0.113470319,0.113470319,0.030136986
A. incurva,A032,2.257374522,0.008596182,-1.194918322,0.01470984,0.660163094,0.109195822,0.063013699,0.146347032,0.146347032,0.063013699
A. incurva,A032,2.361079553,0.008596182,-1.318739618,0.01470984,0.687451709,0.109195822,0.063013699,0.146347032,0.146347032,0.063013699
A. incurva,A032,2.294965265,0.008596182,-0.314724195,0.01470984,0.656934194,0.109195822,0.063013699,0.146347032,0.146347032,0.063013699
A. incurva,A032,2.191236008,0.008596182,-1.225419685,0.01470984,0.711400369,0.109195822,0.063013699,0.146347032,0.146347032,0.063013699
A. incurva,A032,2.20479885,0.008596182,-1.130162473,0.01470984,0.733104691,0.109195822,0.063013699,0.146347032,0.146347032,0.063013699
A. incurva,A032,1.944357737,0.008596182,-0.917029606,0.01470984,0.666160928,0.109195822,0.063013699,0.146347032,0.146347032,0.063013699
A. incurva,A032,1.996666465,0.008596182,-0.700099936,0.01470984,0.659579179,0.109195822,0.063013699,0.146347032,0.146347032,0.063013699
A. incurva,A101,1.420006134,0.012704821,-0.575460805,0.018536509,0.707732845,0.227963468,0.331506849,0.414840182,0.414840182,0.331506849
A. incurva,A101,2.264326174,0.012704821,0.936182166,0.018536509,0.680568866,0.227963468,0.331506849,0.414840182,0.414840182,0.331506849
A. incurva,A102,1.192616054,0.011494561,-0.962649255,0.018069534,0.656711797,0.11987704,0.673972603,0.757305936,0.757305936,0.673972603
A. incurva,A102,1.21930524,0.011494561,-0.787717202,0.018069534,0.705825487,0.11987704,0.673972603,0.757305936,0.757305936,0.673972603
A. incurva,A103,1.326984482,0.009148807,-0.070573834,0.018494617,0.715409086,0.110888743,0.936986301,0.020319634,0.020319634,0.936986301
A. incurva,A103,0.992447279,0.009148807,-0.204040488,0.018494617,0.690089413,0.110888743,0.936986301,0.020319634,0.020319634,0.936986301
A. incurva,A104,1.234881024,0.010413401,-0.154693367,0.004,0.709791027,0.03,0.043835616,0.127168949,0.127168949,0.043835616
A. incurva,A104,1.20977332,0.010413401,-0.169814204,0.004,0.731507986,0.03,0.043835616,0.127168949,0.127168949,0.043835616
A. incurva,A105,1.031210767,0.008122155,-0.397808437,0.01460037,0.632589084,0.142772492,0.126027397,0.20936073,0.20936073,0.126027397
A. incurva,A105,1.318178378,0.008122155,-0.152542734,0.01460037,0.681925541,0.142772492,0.126027397,0.20936073,0.20936073,0.126027397
A. incurva,A106,1.177214798,0.010447608,-0.526779999,0.01855056,0.733382981,0.150433545,0.197260274,0.280593607,0.280593607,0.197260274
A. incurva,A106,1.238839521,0.010447608,-0.430722596,0.01855056,0.689931158,0.150433545,0.197260274,0.280593607,0.280593607,0.197260274
A. incurva,A107,0.94786382,0.007312638,-1.108149239,0.015434174,0.674389197,0.141414201,0.263013699,0.346347032,0.346347032,0.263013699
A. incurva,A107,0.897242665,0.007312638,-1.077694713,0.015434174,0.618790545,0.141414201,0.263013699,0.346347032,0.346347032,0.263013699
A. incurva,A108,0.992154477,0.010132271,-1.096537257,0.013391629,0.734402213,0.105669194,0.326027397,0.40936073,0.40936073,0.326027397
A. incurva,A109,1.43560028,0.008788754,-0.707087549,0.014922772,0.665151696,0.175915575,0.394520548,0.477853881,0.477853881,0.394520548
A. incurva,A109,1.420807458,0.008788754,-0.70161071,0.014922772,0.691402899,0.175915575,0.394520548,0.477853881,0.477853881,0.394520548
A. incurva,A110,1.615303868,0.008010092,-0.630323138,0.01962215,0.703918517,0.105139138,0.97260274,0.055936073,0.055936073,0.97260274
A. incurva,A110,1.572031736,0.008010092,-0.875757805,0.01962215,0.719522757,0.105139138,0.97260274,0.055936073,0.055936073,0.97260274
A. incurva,A111,1.578310027,0.010413401,-0.508295427,0.004,0.645421859,0.03,0.010958904,0.094292237,0.094292237,0.010958904
A. incurva,A111,1.769351879,0.010413401,-0.356246655,0.004,0.648664748,0.03,0.010958904,0.094292237,0.094292237,0.010958904
A. incurva,A112,1.292537134,0.009806611,-0.613372718,0.016782167,0.714427104,0.136506135,0.046575342,0.129908675,0.129908675,0.046575342
A. incurva,A112,1.193193333,0.009806611,-0.68342452,0.016782167,0.747275426,0.136506135,0.046575342,0.129908675,0.129908675,0.046575342
A. incurva,A113,0.768607178,0.008970322,-0.81241656,0.019298388,0.73026867,0.11216212,0.087671233,0.171004566,0.171004566,0.087671233
A. incurva,A113,0.923925803,0.008970322,-0.679762319,0.019298388,0.68247266,0.11216212,0.087671233,0.171004566,0.171004566,0.087671233
A. incurva,A114,0.74009676,0.010413401,-1.007371156,0.004,0.676869331,0.03,0.126027397,0.20936073,0.20936073,0.126027397
A. incurva,A114,0.81039414,0.010413401,-0.910814356,0.004,0.757157053,0.03,0.126027397,0.20936073,0.20936073,0.126027397
A. incurva,A115,1.299669354,0.010413401,-0.417869353,0.004,0.67440384,0.03,0.169863014,0.253196347,0.253196347,0.169863014
A. incurva,A115,1.231882164,0.010413401,-0.641023367,0.004,0.722176701,0.03,0.169863014,0.253196347,0.253196347,0.169863014
A. incurva,A116,0.885126775,0.011914264,-0.953234911,0.015355109,0.83091267,0.168328109,0.216438356,0.299771689,0.299771689,0.216438356
A. incurva,A116,0.715889919,0.011914264,-1.062968558,0.015355109,0.816363911,0.168328109,0.216438356,0.299771689,0.299771689,0.216438356
A. incurva,A117,0.792623951,0.013193329,-1.137306703,0.01607374,0.71193161,0.14734838,0.265753425,0.349086758,0.349086758,0.265753425
A. incurva,A117,0.764522143,0.013193329,-1.000252141,0.01607374,0.703922088,0.14734838,0.265753425,0.349086758,0.349086758,0.265753425
A. incurva,A118,0.952706428,0.008353683,-2.174177456,0.015627662,0.699519164,0.15901587,0.326027397,0.40936073,0.40936073,0.326027397
A. incurva,A118,1.117900439,0.008353683,-2.259095612,0.015627662,0.648722721,0.15901587,0.326027397,0.40936073,0.40936073,0.326027397
A. incurva,A119,1.015188441,0.008576938,-2.114269387,0.017394915,0.718033096,0.143300753,0.402739726,0.486073059,0.486073059,0.402739726
A. incurva,A119,1.151505497,0.008576938,-2.22337015,0.017394915,0.668375172,0.143300753,0.402739726,0.486073059,0.486073059,0.402739726
A. incurva,A120,1.464267988,0.008083581,-2.112502794,0.016046984,0.683958946,0.144460758,0.57260274,0.655936073,0.655936073,0.57260274
A. incurva,A120,1.431507847,0.008083581,-2.135675015,0.016046984,0.683491143,0.144460758,0.57260274,0.655936073,0.655936073,0.57260274
A. incurva,A121,1.416559407,0.008880943,-2.263337798,0.015694066,0.702603597,0.130998159,0.97260274,0.055936073,0.055936073,0.97260274
A. incurva,A121,1.268192557,0.008880943,-2.213416283,0.015694066,0.646036822,0.130998159,0.97260274,0.055936073,0.055936073,0.97260274
B. suecicus,M001,0.990035195,0.011958118,-2.353116137,0.022713828,0.706427835,0.148305526,0.120547945,0.453881278,0.453881278,0.370547945
B. suecicus,M002,0.94168969,0.009695771,-1.479293333,0.018133774,0.709674976,0.121413086,0.221917808,0.555251141,0.555251141,0.471917808
B. suecicus,M002,1.66395648,0.009989247,-2.296673432,0.02483719,0.689049872,0.135487972,0.22739726,0.560730593,0.560730593,0.47739726
B. suecicus,M002,1.460097175,0.009989247,-2.560676499,0.02483719,0.652895117,0.135487972,0.22739726,0.560730593,0.560730593,0.47739726
B. suecicus,M003,1.248212921,0.009492583,-2.276175762,0.015416064,0.696940814,0.182816388,0.328767123,0.662100456,0.662100456,0.578767123
B. suecicus,M003,1.461940505,0.009492583,-2.146077769,0.015416064,0.689924307,0.182816388,0.328767123,0.662100456,0.662100456,0.578767123
B. suecicus,M003,1.385961825,0.009492583,-2.225370294,0.015416064,0.633355902,0.182816388,0.328767123,0.662100456,0.662100456,0.578767123
B. suecicus,M004,1.525779068,0.008269876,-2.002109971,0.027962319,0.688001333,0.143799533,0.594520548,0.927853881,0.927853881,0.844520548
B. suecicus,M004,1.450511981,0.008269876,-2.045251946,0.027962319,0.66743776,0.143799533,0.594520548,0.927853881,0.927853881,0.844520548
B. suecicus,M004,1.441359639,0.008269876,-1.915899686,0.027962319,0.699779296,0.143799533,0.594520548,0.927853881,0.927853881,0.844520548
B. suecicus,M004,1.411873565,0.008269876,-2.106103919,0.027962319,0.758602958,0.143799533,0.594520548,0.927853881,0.927853881,0.844520548
B. suecicus,M004,1.477311619,0.008269876,-2.255090989,0.027962319,0.630952665,0.143799533,0.594520548,0.927853881,0.927853881,0.844520548
B. suecicus,M005,1.56547063,0.012262438,-1.850549741,0.024691442,0.761877706,0.151690567,0.849315068,0.182648401,0.182648401,0.099315068
B. suecicus,M005,1.664930316,0.012262438,-1.88752463,0.024691442,0.635037832,0.151690567,0.849315068,0.182648401,0.182648401,0.099315068
B. suecicus,M006,0.680906788,0.009695771,-2.251595258,0.018133774,0.703809979,0.121413086,0.975342466,0.308675799,0.308675799,0.225342466
B. suecicus,M006,1.469529399,0.012842119,-2.066469374,0.022061156,0.648232546,0.13923889,0,0.333333333,0.333333333,0.25
B. suecicus,M006,1.590358701,0.012842119,-2.020501711,0.022061156,0.693771526,0.13923889,0,0.333333333,0.333333333,0.25
B. suecicus,M006,1.625970179,0.012842119,-2.277915828,0.022061156,0.686878037,0.13923889,0,0.333333333,0.333333333,0.25
B. suecicus,M007,2.755502133,0.009695771,-1.787726361,0.018133774,0.670186926,0.121413086,0.095890411,0.429223744,0.429223744,0.345890411
B. suecicus,M007,1.867776462,0.009771543,-2.582049085,0.01600016,0.751840609,0.119484674,0.120547945,0.453881278,0.453881278,0.370547945
B. suecicus,M008,1.199044091,0.009309686,-2.703907626,0.033239747,0.716140388,0.121222303,0.22739726,0.560730593,0.560730593,0.47739726
B. suecicus,M008,1.532459225,0.009309686,-2.217873638,0.033239747,0.652122548,0.121222303,0.22739726,0.560730593,0.560730593,0.47739726
B. suecicus,M009,2.280236947,0.009695771,-1.070374331,0.018133774,0.564822869,0.121413086,0.301369863,0.634703196,0.634703196,0.551369863
B. suecicus,M009,1.383547141,0.011590547,-2.322101366,0.019978564,0.669639298,0.108021905,0.328767123,0.662100456,0.662100456,0.578767123
B. suecicus,M009,1.453527041,0.011590547,-2.502799528,0.019978564,0.702224448,0.108021905,0.328767123,0.662100456,0.662100456,0.578767123
B. suecicus,M009,1.625170941,0.011590547,-2.451914998,0.019978564,0.698577044,0.108021905,0.328767123,0.662100456,0.662100456,0.578767123
B. suecicus,M010,2.009651269,0.009695771,-1.25917338,0.01,0.719756982,0.127481059,0.594520548,0.927853881,0.927853881,0.844520548
B. suecicus,M010,1.926327731,0.009695771,-1.35639368,0.018133774,0.691197354,0.101753904,0.594520548,0.927853881,0.927853881,0.844520548
B. suecicus,M010,1.823304285,0.009695771,-1.695641897,0.018133774,0.736387732,0.119511903,0.594520548,0.927853881,0.927853881,0.844520548
B. suecicus,M010,1.516184414,0.009695771,-2.128165148,0.03,0.728287244,0.120405819,0.594520548,0.927853881,0.927853881,0.844520548
B. suecicus,M011,1.920752762,0.009695771,-1.926688923,0.018133774,0.669302386,0.121413086,0.780821918,0.114155251,0.114155251,0.030821918
B. suecicus,M011,1.968265552,0.01008197,-1.076422835,0.015068328,0.74423503,0.117439868,0.852054795,0.185388128,0.185388128,0.102054795
B. suecicus,M011,1.890552555,0.01008197,-1.241017166,0.015068328,0.744258677,0.117439868,0.852054795,0.185388128,0.185388128,0.102054795
B. suecicus,M011,1.654223784,0.01008197,-1.324948494,0.015068328,0.731599245,0.117439868,0.852054795,0.185388128,0.185388128,0.102054795
B. suecicus,M011,1.822930802,0.01008197,-1.166856426,0.015068328,0.732926442,0.117439868,0.852054795,0.185388128,0.185388128,0.102054795
B. suecicus,M011,1.822906976,0.01008197,-1.370503696,0.015068328,0.710364332,0.117439868,0.852054795,0.185388128,0.185388128,0.102054795
B. suecicus,M012,1.672301626,0.009902889,-1.549180081,0.017633471,0.694170435,0.128763222,0.917808219,0.251141552,0.251141552,0.167808219
B. suecicus,M012,1.55601388,0.009902889,-1.540387542,0.017633471,0.66499116,0.128763222,0.917808219,0.251141552,0.251141552,0.167808219
B. suecicus,M012,1.462228323,0.009902889,-1.567575311,0.017633471,0.679242195,0.128763222,0.917808219,0.251141552,0.251141552,0.167808219
B. suecicus,M012,1.533909551,0.009902889,-1.518453797,0.017633471,0.732564027,0.128763222,0.917808219,0.251141552,0.251141552,0.167808219
B. suecicus,M013,2.461254798,0.009695771,-1.852444719,0.018133774,0.657837152,0.121413086,0.950684932,0.284018265,0.284018265,0.200684932
B. suecicus,M013,0.955734446,0.010431503,-1.857051862,0.013517955,0.635947266,0.134943787,0.97260274,0.305936073,0.305936073,0.22260274
B. suecicus,M014,0.999488654,0.008522275,-2.325858601,0.016143434,0.678296695,0.109935413,0.016438356,0.349771689,0.349771689,0.266438356
B. suecicus,M014,1.177654463,0.008522275,-2.220480893,0.016143434,0.728579873,0.109935413,0.016438356,0.349771689,0.349771689,0.266438356
B. suecicus,M014,1.103552808,0.008522275,-2.208995747,0.016143434,0.731732657,0.109935413,0.016438356,0.349771689,0.349771689,0.266438356
B. suecicus,M015,2.262750612,0.006497556,-2.088953673,0.014285968,0.65719456,0.119836114,0.057534247,0.39086758,0.39086758,0.307534247
B. suecicus,M015,1.293006354,0.006497556,-2.099003147,0.014285968,0.715309536,0.119836114,0.057534247,0.39086758,0.39086758,0.307534247
B. suecicus,M015,1.477639084,0.006497556,-1.982418434,0.014285968,0.695730529,0.119836114,0.057534247,0.39086758,0.39086758,0.307534247
B. suecicus,M016,2.683321891,0.009695771,-1.585958825,0.018133774,0.629136106,0.121413086,0.079452055,0.412785388,0.412785388,0.329452055
B. suecicus,M016,1.377577038,0.007222131,-2.102071632,0.013317967,0.685005122,0.128418044,0.098630137,0.43196347,0.43196347,0.348630137
B. suecicus,M016,1.0367337,0.007222131,-2.327154302,0.013317967,0.69589484,0.128418044,0.098630137,0.43196347,0.43196347,0.348630137
B. suecicus,M016,0.921809576,0.007222131,-2.401924053,0.013317967,0.644323818,0.128418044,0.098630137,0.43196347,0.43196347,0.348630137
B. suecicus,M016,1.450947183,0.007222131,-2.369074019,0.013317967,0.688418048,0.128418044,0.098630137,0.43196347,0.43196347,0.348630137
B. suecicus,M017,1.650159176,0.009262731,-1.857136318,0.017841807,0.704371116,0.106470394,0.136986301,0.470319634,0.470319634,0.386986301
B. suecicus,M017,1.359853836,0.009262731,-2.328979521,0.017841807,0.711789544,0.106470394,0.136986301,0.470319634,0.470319634,0.386986301
B. suecicus,M017,1.487086673,0.009262731,-2.258297111,0.017841807,0.65516112,0.106470394,0.136986301,0.470319634,0.470319634,0.386986301
B. suecicus,M017,1.539972617,0.009262731,-2.306827118,0.017841807,0.697350971,0.106470394,0.136986301,0.470319634,0.470319634,0.386986301
B. suecicus,M018,1.12812766,0.008153674,-2.289662242,0.014392412,0.733069347,0.12140448,0.175342466,0.508675799,0.508675799,0.425342466
B. suecicus,M018,1.174906265,0.008153674,-2.375933874,0.014392412,0.696650024,0.12140448,0.175342466,0.508675799,0.508675799,0.425342466
B. suecicus,M018,1.206918083,0.008153674,-2.37603067,0.014392412,0.676349763,0.12140448,0.175342466,0.508675799,0.508675799,0.425342466
B. suecicus,M019,2.177586504,0.00916819,-2.309143941,0.015698889,0.682727515,0.137202303,0.219178082,0.552511415,0.552511415,0.469178082
B. suecicus,M019,1.773139855,0.00916819,-2.445320497,0.015698889,0.668411127,0.137202303,0.219178082,0.552511415,0.552511415,0.469178082
B. suecicus,M019,1.702672557,0.00916819,-2.479015105,0.015698889,0.696139391,0.137202303,0.219178082,0.552511415,0.552511415,0.469178082
B. suecicus,M020,1.570767128,0.006387083,-2.4047965,0.016978338,0.712933362,0.111657528,0.263013699,0.596347032,0.596347032,0.513013699
B. suecicus,M020,1.768972306,0.006387083,-2.415361709,0.016978338,0.716624404,0.111657528,0.263013699,0.596347032,0.596347032,0.513013699
B. suecicus,M020,1.646883077,0.006387083,-2.433465691,0.016978338,0.672731947,0.111657528,0.263013699,0.596347032,0.596347032,0.513013699
B. suecicus,M021,1.675723047,0.008797863,-2.537116564,0.017572375,0.67685409,0.100281312,0.315068493,0.648401826,0.648401826,0.565068493
B. suecicus,M021,1.822989753,0.008797863,-2.316752552,0.017572375,0.665962943,0.100281312,0.315068493,0.648401826,0.648401826,0.565068493
B. suecicus,M021,1.826342796,0.008797863,-2.456674907,0.017572375,0.779424473,0.100281312,0.315068493,0.648401826,0.648401826,0.565068493
B. suecicus,M022,2.511840007,0.011398613,-2.354845259,0.01748754,0.681863351,0.16018362,0.380821918,0.714155251,0.714155251,0.630821918
B. suecicus,M022,2.470733462,0.011398613,-2.097388822,0.01748754,0.663521456,0.16018362,0.380821918,0.714155251,0.714155251,0.630821918
B. suecicus,M022,2.273801636,0.011398613,-2.394823158,0.01748754,0.747652112,0.16018362,0.380821918,0.714155251,0.714155251,0.630821918
B. suecicus,M022,2.530775415,0.011398613,-2.436965482,0.01748754,0.643109574,0.16018362,0.380821918,0.714155251,0.714155251,0.630821918
B. suecicus,M022,2.328228483,0.010187172,-2.163109148,0.020147458,0.655594965,0.109763956,0.380821918,0.714155251,0.714155251,0.630821918
B. suecicus,M022,2.434649865,0.010187172,-2.151419913,0.020147458,0.612498015,0.122534839,0.380821918,0.714155251,0.714155251,0.630821918
B. suecicus,M023,2.437077187,0.011787128,-1.685025793,0.019794835,0.641252009,0.151061183,0.506849315,0.840182648,0.840182648,0.756849315
B. suecicus,M023,2.422713498,0.011787128,-1.97263846,0.019794835,0.696019186,0.151061183,0.506849315,0.840182648,0.840182648,0.756849315
B. suecicus,M023,2.399419543,0.011787128,-1.634495303,0.019794835,0.695305164,0.151061183,0.506849315,0.840182648,0.840182648,0.756849315
B. suecicus,M023,2.771896779,0.010840129,-1.655669965,0.021581135,0.699807452,0.112156626,0.506849315,0.840182648,0.840182648,0.756849315
B. suecicus,M023,2.402312829,0.010840129,-1.631679528,0.021581135,0.72364406,0.101748939,0.506849315,0.840182648,0.840182648,0.756849315
B. suecicus,M023,2.693295778,0.010840129,-1.641307607,0.021581135,0.677864634,0.081543079,0.506849315,0.840182648,0.840182648,0.756849315
B. suecicus,M024,1.411048077,0.009292776,-1.357458887,0.019926655,0.701134603,0.144800107,0.808219178,0.141552511,0.141552511,0.058219178
B. suecicus,M024,1.199938043,0.009292776,-1.432008164,0.019926655,0.678528624,0.144800107,0.808219178,0.141552511,0.141552511,0.058219178
B. suecicus,M024,1.048121418,0.009292776,-1.507310485,0.019926655,0.575986402,0.144800107,0.808219178,0.141552511,0.141552511,0.058219178
B. suecicus,M025,0.998360437,0.011079163,-1.607511779,0.017098063,0.677825414,0.160937084,0.893150685,0.226484018,0.226484018,0.143150685
B. suecicus,M025,0.812178405,0.011079163,-1.655429875,0.017098063,0.72986407,0.160937084,0.893150685,0.226484018,0.226484018,0.143150685
B. suecicus,M025,1.104849353,0.011079163,-1.577949525,0.017098063,0.695775259,0.160937084,0.893150685,0.226484018,0.226484018,0.143150685
B. suecicus,M026,0.456147922,0.009578306,-1.943476049,0.028179736,0.667209086,0.106963541,0.950684932,0.284018265,0.284018265,0.200684932
B. suecicus,M026,0.538677381,0.009578306,-1.995792457,0.028179736,0.74913679,0.106963541,0.950684932,0.284018265,0.284018265,0.200684932
B. suecicus,M026,0.547018299,0.009578306,-1.955473417,0.028179736,0.666917936,0.106963541,0.950684932,0.284018265,0.284018265,0.200684932
B. suecicus,M027,0.772464885,0.009605616,-1.910169606,0.019425853,0.658801385,0.126590249,0,0.333333333,0.333333333,0.25
B. suecicus,M027,1.076207359,0.009605616,-1.406311421,0.019425853,0.634360596,0.126590249,0,0.333333333,0.333333333,0.25
B. suecicus,M027,0.861430495,0.009605616,-2.125980858,0.019425853,0.694611544,0.126590249,0,0.333333333,0.333333333,0.25
B. suecicus,M028,0.956267987,0.012269654,-1.984660061,0.025506391,0.667003053,0.137672899,0.04109589,0.374429223,0.374429223,0.29109589
B. suecicus,M028,0.677162011,0.012269654,-2.211117623,0.025506391,0.697682468,0.137672899,0.04109589,0.374429223,0.374429223,0.29109589
B. suecicus,M028,0.572012184,0.012269654,-2.166485374,0.025506391,0.696985542,0.137672899,0.04109589,0.374429223,0.374429223,0.29109589
B. suecicus,M029,0.838501582,0.009695771,-2.188995534,0.018133774,0.766389416,0.097327668,0.082191781,0.415525114,0.415525114,0.332191781
B. suecicus,M029,1.158381195,0.009695771,-1.602458274,0.02,0.597295572,0.107041937,0.082191781,0.415525114,0.415525114,0.332191781
B. suecicus,M029,1.160258322,0.009695771,-1.595949136,0.01,0.625978355,0.122399924,0.082191781,0.415525114,0.415525114,0.332191781
B. suecicus,M030,1.205350338,0.009695771,-1.941227742,0.018133774,0.6834721,0.108101767,0.120547945,0.453881278,0.453881278,0.370547945
B. suecicus,M031,1.560489352,0.009695771,-2.105251839,0.018133774,0.678810081,0.184214822,0.161643836,0.494977169,0.494977169,0.411643836
B. suecicus,M032,0.81499461,0.011975261,-2.098272986,0.016618381,0.711136918,0.160845735,0.2,0.533333333,0.533333333,0.45
