Final_d18O,Final_d13C,Specimen,Species,D47_corr,D47_sd_ext,d18O_sd_ext,d13C_sd_ext,ShellChron_DOY,ShellChron_DOY_err,Month,T_mean,T_sd
1.82,1.2,SG107,Arctica islandica,0.55743403,0.056342426,0.082083598,0.057852486,101.7735288,,4,39.69416714,21.99300807
2.13,2.04,SG116,Glycymeris radiolyrata,0.637439167,0.056342426,0.082083598,0.057852486,319.3214851,18.78194332,11,12.76596128,16.72658551
0.9,2.28,SG116,Glycymeris radiolyrata,0.647444426,0.056342426,0.082083598,0.057852486,119.9113283,,4,9.86544697,16.21715423
2.75,1.52,SG107,Arctica islandica,0.707464511,0.056342426,0.082083598,0.057852486,103.8634813,47.72378535,4,-5.856176545,13.63911555
1.58,2.33,SG116,Glycymeris radiolyrata,0.667469519,0.056342426,0.082083598,0.057852486,315.2784506,17.82714327,11,4.315839838,15.27223079
2.16,1.85,SG116,Glycymeris radiolyrata,0.697490669,0.056342426,0.082083598,0.057852486,354.2370248,4.904329131,12,-3.424510677,14.01810755
1.37,2.05,SG116,Glycymeris radiolyrata,0.657495755,0.056342426,0.082083598,0.057852486,72.80433359,29.37411642,3,7.038689043,15.73099879
1.79,1.28,SG107,Arctica islandica,0.657517826,0.056342426,0.082083598,0.057852486,212.8834978,17.54286229,7,7.032575067,15.72995824
1.21,1.22,SG107,Arctica islandica,0.607551939,0.056342426,0.082083598,0.057852486,108.4199276,8.731372824,4,21.99198305,18.41988043
1.44,1.88,SG116,Glycymeris radiolyrata,0.607569725,0.056342426,0.082083598,0.057852486,341.2647197,,12,21.98622426,18.4187883
1.88,2.03,SG116,Glycymeris radiolyrata,0.647588234,0.056342426,0.082083598,0.057852486,313.2022084,28.270634,11,9.824398462,16.21002198
1.51,1.22,SG107,Arctica islandica,0.587607032,0.056342426,0.082083598,0.057852486,153.3373625,8.971791385,6,28.67008476,19.71662762
1.46,2.05,SG116,Glycymeris radiolyrata,0.677620141,0.056342426,0.082083598,0.057852486,220.8481011,10.6826304,8,1.624638173,14.82786256
1.81,1.92,SG116,Glycymeris radiolyrata,0.617632973,0.056342426,0.082083598,0.057852486,46.37938245,12.9640064,2,18.78094985,17.81780033
1.99,1.81,SG116,Glycymeris radiolyrata,0.73764599,0.056342426,0.082083598,0.057852486,46.08433953,29.76163138,2,-12.83240553,12.59062385
1.22,0.37,SG126,Astarte benedeni,0.642076297,0.056342426,0.082083598,0.057852486,150.2693656,17.22117742,5,11.41062417,16.48719753
0.95,0.69,SG126,Astarte benedeni,0.642079317,0.056342426,0.082083598,0.057852486,232.6652509,23.77221702,8,11.40974767,16.48704348
2.49,1.11,SG126,Astarte benedeni,0.672081986,0.056342426,0.082083598,0.057852486,275.8460114,27.81311401,10,3.083189872,15.06758454
1.49,0.64,SG126,Astarte benedeni,0.682084796,0.056342426,0.082083598,0.057852486,238.8724148,21.26358752,8,0.465480886,14.63921494
1.94,0.12,SG126,Astarte benedeni,0.662090015,0.056342426,0.082083598,0.057852486,261.4493311,29.28243472,9,5.774535284,15.51684928
1.92,0.12,SG126,Astarte benedeni,0.712095179,0.056342426,0.082083598,0.057852486,261.4493311,29.28243472,9,-6.963018968,13.46894203
2.8,0.85,SG126,Astarte benedeni,0.662097601,0.056342426,0.082083598,0.057852486,341.5980298,30.39972873,12,5.772462019,15.51649971
0.96,0.67,SG126,Astarte benedeni,0.622104796,0.056342426,0.082083598,0.057852486,232.6652509,23.77221702,8,17.38974394,17.56119696
1.61,1.31,SG126,Astarte benedeni,0.662106943,0.056342426,0.082083598,0.057852486,110.2524653,15.53221064,4,5.769909065,15.51606927
1.13,0.85,SG126,Astarte benedeni,0.712109315,0.056342426,0.082083598,0.057852486,274.7521999,27.63183222,9,-6.966376849,13.46842798
1.62,-0.09,SG126,Astarte benedeni,0.672113484,0.056342426,0.082083598,0.057852486,261.4493311,29.28243472,9,3.074828593,15.06620282
1.64,0.58,SG126,Astarte benedeni,0.782119385,0.056342426,0.082083598,0.057852486,13.43195167,17.31102729,1,-22.18398108,11.27293102
1.26,0.86,SG126,Astarte benedeni,0.652123062,0.056342426,0.082083598,0.057852486,274.7521999,27.63183222,9,8.539067741,15.98777799
0.91,0.33,SG126,Astarte benedeni,0.682124809,0.056342426,0.082083598,0.057852486,291.1019959,43.3081651,10,0.455158536,14.63754242
1.56,0.67,SG126,Astarte benedeni,0.642126469,0.056342426,0.082083598,0.057852486,271.1211386,21.885519,9,11.39606525,16.48463886
1.58,1.29,SG126,Astarte benedeni,0.672128303,0.056342426,0.082083598,0.057852486,110.2524653,15.53221064,4,3.070895262,15.06555286
1.92,0.15,SG126,Astarte benedeni,0.672131468,0.056342426,0.082083598,0.057852486,261.4493311,29.28243472,9,3.070055153,15.06541404
2.4,0.62,SG126,Astarte benedeni,0.70213293,0.056342426,0.082083598,0.057852486,294.823204,38.89616074,10,-4.564536853,13.83954537
1.73,1.07,SG126,Astarte benedeni,0.702134504,0.056342426,0.082083598,0.057852486,116.5534983,31.8317604,4,-4.564921001,13.83948546
1.4,0.02,SG126,Astarte benedeni,0.721910417,0.056342426,0.082083598,0.057852486,10.58681286,58.62502102,1,-9.26435551,13.11975599
1.03,-0.52,SG126,Astarte benedeni,0.711907389,0.056342426,0.082083598,0.057852486,132.6219962,,5,-6.918399963,13.47577394
1.33,0.29,SG126,Astarte benedeni,0.691901622,0.056342426,0.082083598,0.057852486,29.95202079,76.36062775,1,-2.032524032,14.23825532
1.29,0.28,SG126,Astarte benedeni,0.721892872,0.056342426,0.082083598,0.057852486,29.95202079,76.36062775,1,-9.260294857,13.12036663
0.98,-0.34,SG127,Astarte benedeni,0.69189,0.056342426,0.082083598,0.057852486,240.2100664,39.77240181,8,-2.029607154,14.23871909
0.99,-1.41,SG126,Astarte benedeni,0.681887055,0.056342426,0.082083598,0.057852486,129.5777523,,5,0.516510143,14.64748505
1.1,0.79,SG127,Astarte benedeni,0.651881264,0.056342426,0.082083598,0.057852486,251.7456193,38.62819127,9,8.607160239,15.99949909
1.54,1.15,SG126,Astarte benedeni,0.69187812,0.056342426,0.082083598,0.057852486,311.5228328,34.11322787,11,-2.026625261,14.23919321
1.96,0.94,SG127,Astarte benedeni,0.721875126,0.056342426,0.082083598,0.057852486,73.55663133,46.75859588,3,-9.25618758,13.12098431
1.53,0.47,SG126,Astarte benedeni,0.681872132,0.056342426,0.082083598,0.057852486,43.04459889,77.89123319,2,0.52036235,14.6481095
1.07,-0.11,SG127,Astarte benedeni,0.69186289,0.056342426,0.082083598,0.057852486,251.7456193,38.62819127,9,-2.02280242,14.23980106
1.41,-0.06,SG126,Astarte benedeni,0.651859844,0.056342426,0.082083598,0.057852486,10.58681286,58.62502102,1,8.613194873,16.00053815
1.34,-0.34,SG126,Astarte benedeni,0.681856797,0.056342426,0.082083598,0.057852486,64.3085596,81.86439992,3,0.524321217,14.64875125
1.29,0.24,SG126,Astarte benedeni,0.711847489,0.056342426,0.082083598,0.057852486,29.95202079,76.36062775,1,-6.904162832,13.47795438
1.84,0.93,SG127,Astarte benedeni,0.691844385,0.056342426,0.082083598,0.057852486,73.55663133,46.75859588,3,-2.018157243,14.24053968
1.6,0.23,SG126,Astarte benedeni,0.651841049,0.056342426,0.082083598,0.057852486,10.58681286,58.62502102,1,8.618490036,16.00144992
1.18,-0.05,SG127,Astarte benedeni,0.691834798,0.056342426,0.082083598,0.057852486,251.7456193,38.62819127,9,-2.01575051,14.24092238
1.53,0.34,SG126,Astarte benedeni,0.67183165,0.056342426,0.082083598,0.057852486,86.36627446,76.42771709,3,3.149669479,15.0785735
1.08,0.58,SG127,Astarte benedeni,0.66182858,0.056342426,0.082083598,0.057852486,146.6697806,18.27762575,5,5.846012951,15.52890421
1.71,-0.08,SG126,Astarte benedeni,0.721825274,0.056342426,0.082083598,0.057852486,278.1639523,43.82182201,10,-9.244648294,13.12271975
0.77,0.4,SG127,Astarte benedeni,0.70181893,0.056342426,0.082083598,0.057852486,237.5809906,46.76962772,8,-4.487881582,13.851503
1.04,0.59,SG127,Astarte benedeni,0.641815735,0.056342426,0.082083598,0.057852486,146.6697806,18.27762575,5,11.48627064,16.50049642
1.59,0.28,SG126,Astarte benedeni,0.691812539,0.056342426,0.082083598,0.057852486,10.58681286,58.62502102,1,-2.010162597,14.24181096
2.49,1.09,SG127,Astarte benedeni,0.691809184,0.056342426,0.082083598,0.057852486,76.44732619,35.30627562,3,-2.00932023,14.24194492
1.34,0.48,SG126,Astarte benedeni,0.70180275,0.056342426,0.082083598,0.057852486,43.04459889,77.89123319,2,-4.48392983,13.85211963
1.67,-0.07,SG126,Astarte benedeni,0.651799594,0.056342426,0.082083598,0.057852486,278.1639523,43.82182201,10,8.630170448,16.00346128
1.06,-0.27,SG127,Astarte benedeni,0.711796195,0.056342426,0.082083598,0.057852486,240.2100664,39.77240181,8,-6.891969515,13.479822
1.82,0.94,SG107,Arctica islandica,0.620629748,0.056342426,0.082083598,0.057852486,260.7933042,,9,17.84643802,17.6451509
2.23,1.97,SG116,Glycymeris radiolyrata,0.670627788,0.056342426,0.082083598,0.057852486,108.7232974,48.38176842,4,3.470039529,15.13160685
2.19,1.39,SG107,Arctica islandica,0.680623991,0.056342426,0.082083598,0.057852486,80.08313049,6.220862735,3,0.843133304,14.70049516
2.15,1.38,SG107,Arctica islandica,0.650622105,0.056342426,0.082083598,0.057852486,90.6822231,7.13416688,3,8.962551102,16.06076976
1.83,1.29,SG107,Arctica islandica,0.670611014,0.056342426,0.082083598,0.057852486,212.8834978,17.54286229,7,3.474511297,15.132348
2.11,2.06,SG116,Glycymeris radiolyrata,0.68060177,0.056342426,0.082083598,0.057852486,319.3214851,18.78194332,11,0.848889828,14.7014306
1.75,1.19,SG107,Arctica islandica,0.720566548,0.056342426,0.082083598,0.057852486,101.7735288,,4,-8.952787859,13.16666587
1.93,1.89,SG116,Glycymeris radiolyrata,0.69056155,0.056342426,0.082083598,0.057852486,272.5362766,43.19078049,9,-1.695555498,14.29190021
1.34,2.11,SG116,Glycymeris radiolyrata,0.6705515,0.056342426,0.082083598,0.057852486,199.3155108,11.36456868,7,3.490378931,15.13497809
0.93,2.23,SG116,Glycymeris radiolyrata,0.600548258,0.056342426,0.082083598,0.057852486,193.8878909,,7,24.28622834,18.85853201
1.28,2.3,SG116,Glycymeris radiolyrata,0.630541734,0.056342426,0.082083598,0.057852486,270.5310592,,9,14.81825145,17.09359259
2.77,1.51,SG107,Arctica islandica,0.640506806,0.056342426,0.082083598,0.057852486,17.23976472,3.373816746,1,11.8671936,16.5675756
2.15,1.4,SG107,Arctica islandica,0.640505303,0.056342426,0.082083598,0.057852486,85.96465068,6.945563122,3,11.86763213,16.56765293
1.41,0.91,SG107,Arctica islandica,0.640503759,0.056342426,0.082083598,0.057852486,118.7805058,10.6536896,4,11.8680822,16.5677323
2.97,1.18,SG107,Arctica islandica,0.680495971,0.056342426,0.082083598,0.057852486,356.9982565,3.704607985,12,0.876303864,14.70588597
0.98,2.24,SG116,Glycymeris radiolyrata,0.630492988,0.056342426,0.082083598,0.057852486,106.7392594,60.98791053,4,14.83291307,17.09623418
2.27,2.06,SG116,Glycymeris radiolyrata,0.62049137,0.056342426,0.082083598,0.057852486,307.9909833,14.49416981,11,17.88939229,17.65306132
2.06,1.96,SG116,Glycymeris radiolyrata,0.670489868,0.056342426,0.082083598,0.057852486,26.40798749,10.94935717,1,3.506813941,15.13770255
1.69,2.01,SG116,Glycymeris radiolyrata,0.640488288,0.056342426,0.082083598,0.057852486,14.13288086,,1,11.8725937,16.56852788
1.56,1.19,SG107,Arctica islandica,0.69048527,0.056342426,0.082083598,0.057852486,232.8652951,7.839181078,8,-1.676336821,14.29496394
2.13,1.28,SG107,Arctica islandica,0.700482279,0.056342426,0.082083598,0.057852486,95.50875694,,4,-4.160835187,13.90259879
2.76,1.62,SG107,Arctica islandica,0.700480802,0.056342426,0.082083598,0.057852486,88.17750149,51.82852424,3,-4.160473214,13.90265541
1.08,2.24,SG116,Glycymeris radiolyrata,0.640474593,0.056342426,0.082083598,0.057852486,170.6291575,11.69150004,6,11.87658776,16.56923223
2.17,1.95,SG116,Glycymeris radiolyrata,0.700471587,0.056342426,0.082083598,0.057852486,324.1426096,34.36119988,11,-4.158214271,13.90300878
1.06,2.31,SG116,Glycymeris radiolyrata,0.720470022,0.056342426,0.082083598,0.057852486,120.788468,12.12179679,4,-8.930366433,13.17004605
1.5,2.28,SG116,Glycymeris radiolyrata,0.630468607,0.056342426,0.082083598,0.057852486,283.3740042,,10,14.84024717,17.09755567
0.98,2.08,SG116,Glycymeris radiolyrata,0.71046419,0.056342426,0.082083598,0.057852486,121.370424,23.8555738,4,-6.574743173,13.5284726
2.46,2.04,SG116,Glycymeris radiolyrata,0.680462679,0.056342426,0.082083598,0.057852486,343.5619309,,12,0.884931966,14.70728841
1.37,1.97,SG116,Glycymeris radiolyrata,0.630461279,0.056342426,0.082083598,0.057852486,168.4339134,12.43430832,6,14.84245153,17.09795287
2.07,2.12,SG116,Glycymeris radiolyrata,0.630459842,0.056342426,0.082083598,0.057852486,302.8561887,20.07017398,10,14.84288378,17.09803076
2.64,1.42,SG107,Arctica islandica,0.700455486,0.056342426,0.082083598,0.057852486,21.79482232,3.424649186,1,-4.154267394,13.90362621
2.5,1.08,SG107,Arctica islandica,0.700454099,0.056342426,0.082083598,0.057852486,267.2724404,5.89122762,9,-4.153927431,13.9036794
2.44,1.95,SG116,Glycymeris radiolyrata,0.640258933,0.056342426,0.082083598,0.057852486,336.130245,31.37826676,12,11.93950201,16.58032992
1.22,2.31,SG116,Glycymeris radiolyrata,0.680256754,0.056342426,0.082083598,0.057852486,169.8997707,12.65022605,6,0.938318756,14.71596812
1.67,2.31,SG116,Glycymeris radiolyrata,0.620255406,0.056342426,0.082083598,0.057852486,310.8960879,14.09954968,11,17.96268244,17.66656399
1.2,2.15,SG116,Glycymeris radiolyrata,0.680251835,0.056342426,0.082083598,0.057852486,49.70382851,15.89068044,2,0.939594489,14.71617557
2.55,1.89,SG116,Glycymeris radiolyrata,0.570249719,0.056342426,0.082083598,0.057852486,356.0071006,4.771256486,12,34.86623867,20.97489081
1.47,2.06,SG116,Glycymeris radiolyrata,0.620245128,0.056342426,0.082083598,0.057852486,237.5965915,28.13428604,8,17.96587574,17.66715248
1.13,2.33,SG116,Glycymeris radiolyrata,0.649845442,0.056342426,0.082083598,0.057852486,113.1428242,12.01603178,4,9.18243144,16.09875822
2.16,1.48,SG107,Arctica islandica,0.649801691,0.056342426,0.082083598,0.057852486,81.26605607,6.214623122,3,9.194833149,16.10090268
2.33,1.51,SG107,Arctica islandica,0.619788625,0.056342426,0.082083598,0.057852486,60.48528831,4.6754163,2,18.10782692,17.69332575
1.57,1.81,SG116,Glycymeris radiolyrata,0.629018953,0.056342426,0.082083598,0.057852486,46.37938245,12.9640064,2,15.27733133,17.17643809
1.11,2.22,SG116,Glycymeris radiolyrata,0.649009203,0.056342426,0.082083598,0.057852486,279.1523529,16.85806679,10,9.419754476,16.13982921
1.91,2.19,SG116,Glycymeris radiolyrata,0.608945425,0.056342426,0.082083598,0.057852486,292.8502509,,10,21.54180881,18.33464073
2.48,1.56,SG107,Arctica islandica,0.638940924,0.056342426,0.082083598,0.057852486,63.89424227,3.66102366,3,12.32491052,16.64842478
0.67,2,SG116,Glycymeris radiolyrata,0.658929198,0.056342426,0.082083598,0.057852486,239.0652263,13.3441978,8,6.642420441,15.66365426
1.3,1.14,SG107,Arctica islandica,0.618913554,0.056342426,0.082083598,0.057852486,108.4199276,8.731372824,4,18.38051442,17.74367917
2.31,1.42,SG107,Arctica islandica,0.648909091,0.056342426,0.082083598,0.057852486,48.8081316,5.236737759,2,9.448206015,16.14475782
2.48,1.52,SG107,Arctica islandica,0.648901016,0.056342426,0.082083598,0.057852486,38.02296934,4.449940162,2,9.45050124,16.14515547
1.96,1.15,SG107,Arctica islandica,0.748336566,0.056342426,0.082083598,0.057852486,101.7735288,,4,-15.17553614,12.25115076
2.32,1.46,SG107,Arctica islandica,0.648321492,0.056342426,0.082083598,0.057852486,60.48528831,4.6754163,2,9.615374397,16.17373696
2.32,1.42,SG107,Arctica islandica,0.63815129,0.056342426,0.082083598,0.057852486,54.6031029,4.745942249,2,12.55656327,16.6894458
2.01,0.72,SG107,Arctica islandica,0.588159689,0.056342426,0.082083598,0.057852486,104.2176389,15.86156759,4,28.47889402,19.67865353
0.88,0.92,SG127,Astarte benedeni,0.658632373,0.056342426,0.082083598,0.057852486,174.5199904,16.93703671,6,6.724338486,15.67755976
1,0.4,SG127,Astarte benedeni,0.648636393,0.056342426,0.082083598,0.057852486,134.8592564,,5,9.525750041,16.15819589
0.83,0.56,SG127,Astarte benedeni,0.718640146,0.056342426,0.082083598,0.057852486,216.2905956,44.81082849,8,-8.504232397,13.23440095
2.14,0.35,SG127,Astarte benedeni,0.608643988,0.056342426,0.082083598,0.057852486,72.79064719,77.4963025,3,21.63901537,18.3530236
2.51,0.88,SG127,Astarte benedeni,0.638655931,0.056342426,0.082083598,0.057852486,229.5009076,77.41259113,8,12.40845327,16.66321054
1.16,1.04,SG127,Astarte benedeni,0.668659775,0.056342426,0.082083598,0.057852486,180.9860295,24.03316693,6,3.996173198,15.21897809
1.09,0.53,SG127,Astarte benedeni,0.688671385,0.056342426,0.082083598,0.057852486,146.6697806,18.27762575,5,-1.218120199,14.36814293
1.74,1.04,SG127,Astarte benedeni,0.618675585,0.056342426,0.082083598,0.057852486,190.2452007,37.13898136,7,18.45480215,17.7574139
2,0.86,SG127,Astarte benedeni,0.678679412,0.056342426,0.082083598,0.057852486,218.6360287,64.97833023,8,1.348287357,14.78273798
1.73,0.24,SG126,Astarte benedeni,0.628683425,0.056342426,0.082083598,0.057852486,105.5241968,89.97796414,4,15.37878001,17.19478259
2.29,0.88,SG127,Astarte benedeni,0.598691446,0.056342426,0.082083598,0.057852486,229.5009076,77.41259113,8,24.9035043,18.97776914
2.56,1.19,SG126,Astarte benedeni,0.638695643,0.056342426,0.082083598,0.057852486,275.8460114,27.81311401,10,12.39680768,16.66114891
1.13,0.15,SG127,Astarte benedeni,0.668699649,0.056342426,0.082083598,0.057852486,251.7456193,38.62819127,9,3.985483382,15.21719948
0.79,0.62,SG127,Astarte benedeni,0.65870375,0.056342426,0.082083598,0.057852486,216.2905956,44.81082849,8,6.704633099,15.67421402
1.12,1.04,SG127,Astarte benedeni,0.678716462,0.056342426,0.082083598,0.057852486,180.9860295,24.03316693,6,1.338636422,14.7811638
0.74,0.64,SG127,Astarte benedeni,0.668720626,0.056342426,0.082083598,0.057852486,216.2905956,44.81082849,8,3.979860251,15.21626395
2.24,-0.4,SG105,Pygocardia rustica,0.614891504,0.056342426,0.082083598,0.057852486,24.38556935,,1,19.64378024,17.978234
2.54,1.6,SG105,Pygocardia rustica,0.714891556,0.056342426,0.082083598,0.057852486,112.5765847,,4,-7.624799209,13.36788907
1.63,0.41,SG105,Pygocardia rustica,0.664891603,0.056342426,0.082083598,0.057852486,188.7109656,14.72713989,7,5.011999591,15.38864314
2.61,1.4,SG105,Pygocardia rustica,0.624891653,0.056342426,0.082083598,0.057852486,223.9995716,61.13478551,8,16.53273393,17.40439404
2.99,1.51,SG105,Pygocardia rustica,0.644892187,0.056342426,0.082083598,0.057852486,34.43459651,70.62096487,2,10.59694388,16.3446138
2.98,1.26,SG105,Pygocardia rustica,0.674892446,0.056342426,0.082083598,0.057852486,333.511093,13.62429688,11,2.340120608,14.9451285
2.38,0.32,SG105,Pygocardia rustica,0.654892719,0.056342426,0.082083598,0.057852486,332.1721402,23.49676562,11,7.762611479,15.8545379
2.47,1.87,SG105,Pygocardia rustica,0.644893528,0.056342426,0.082083598,0.057852486,50.80514073,,2,10.59655826,16.34454643
2.86,1.48,SG105,Pygocardia rustica,0.654894042,0.056342426,0.082083598,0.057852486,353.9430202,25.73451097,12,7.762242172,15.85447471
3.05,1.29,SG105,Pygocardia rustica,0.674894507,0.056342426,0.082083598,0.057852486,358.1729405,49.77223388,12,2.339577956,14.94503932
2.86,0.91,SG105,Pygocardia rustica,0.654894971,0.056342426,0.082083598,0.057852486,47.46097078,33.42723391,2,7.761982818,15.85443033
2.44,0.78,SG105,Pygocardia rustica,0.634896197,0.056342426,0.082083598,0.057852486,0.179979365,23.06957965,1,13.51749012,16.86034637
2.6,1.81,SG105,Pygocardia rustica,0.614896877,0.056342426,0.082083598,0.057852486,16.76671087,17.50619035,1,19.64208155,17.97791717
2.51,1.5,SG105,Pygocardia rustica,0.684897631,0.056342426,0.082083598,0.057852486,115.9667427,,4,-0.257325805,14.52241434
3.02,1.37,SG105,Pygocardia rustica,0.574898311,0.056342426,0.082083598,0.057852486,8.186839153,65.56090499,1,33.16947404,20.62496824
2.89,1.31,SG105,Pygocardia rustica,0.624900807,0.056342426,0.082083598,0.057852486,246.6913671,35.63510115,9,16.52993145,17.40388286
2.22,0.55,SG105,Pygocardia rustica,0.554901725,0.056342426,0.082083598,0.057852486,223.88186,21.21413294,8,40.67527989,22.20401259
2.61,1.78,SG105,Pygocardia rustica,0.654902719,0.056342426,0.082083598,0.057852486,347.7175064,32.29197863,12,7.759819932,15.85406024
2.66,0.96,SG105,Pygocardia rustica,0.614904751,0.056342426,0.082083598,0.057852486,168.3350462,58.23140385,6,19.63959258,17.97745296
2.67,1.2,SG105,Pygocardia rustica,0.674905984,0.056342426,0.082083598,0.057852486,345.8880576,,12,2.336555626,14.94454264
3.27,1.41,SG105,Pygocardia rustica,0.664907068,0.056342426,0.082083598,0.057852486,326.5753518,,11,5.007807781,15.38794037
1.62,1.02,SG105,Pygocardia rustica,0.674908181,0.056342426,0.082083598,0.057852486,112.5765847,,4,2.335977157,14.94444758
2.41,0.76,SG105,Pygocardia rustica,0.664910695,0.056342426,0.082083598,0.057852486,285.8446291,,10,5.00682453,15.38777553
2.88,1.47,SG105,Pygocardia rustica,0.654912102,0.056342426,0.082083598,0.057852486,59.26268368,,2,7.757200325,15.85361202
3.05,1.27,SG105,Pygocardia rustica,0.644913436,0.056342426,0.082083598,0.057852486,337.6367479,,12,10.59083025,16.3435457
2.58,1.12,SG105,Pygocardia rustica,0.764914843,0.056342426,0.082083598,0.057852486,353.7382923,,12,-18.68717853,11.75410306
2.75,1.36,SG105,Pygocardia rustica,0.604917751,0.056342426,0.082083598,0.057852486,7.933913896,47.81238425,1,22.84863963,18.58283923
2.58,1.31,SG105,Pygocardia rustica,0.704919539,0.056342426,0.082083598,0.057852486,77.16527419,58.08186027,3,-5.241956168,13.73417869
2.53,0.92,SG105,Pygocardia rustica,0.684921077,0.056342426,0.082083598,0.057852486,309.862333,45.4212763,11,-0.263326634,14.52144731
1.58,2.33,SG116,Glycymeris radiolyrata,0.542409257,0.056342426,0.082083598,0.057852486,315.1051728,,11,45.65416576,23.29651735
1.63,2.08,SG116,Glycymeris radiolyrata,0.592403843,0.056342426,0.082083598,0.057852486,144.1286914,13.38311738,5,27.02264572,19.39106892
1.66,1.38,SG107,Arctica islandica,0.652398428,0.056342426,0.082083598,0.057852486,116.1500855,10.41301607,4,8.46158213,15.97444715
0.97,2.24,SG116,Glycymeris radiolyrata,0.572393278,0.056342426,0.082083598,0.057852486,199.3155108,11.36456868,7,34.08033166,20.8123075
1.86,1.41,SG107,Arctica islandica,0.66237739,0.056342426,0.082083598,0.057852486,187.3922959,13.60984426,7,5.696028933,15.50361631
2.2,2.11,SG116,Glycymeris radiolyrata,0.642372267,0.056342426,0.082083598,0.057852486,50.6698576,12.29789342,2,11.32477134,16.47211322
1.02,2.19,SG116,Glycymeris radiolyrata,0.662367144,0.056342426,0.082083598,0.057852486,295.7171109,,10,5.698826847,15.50408779
1.25,2.02,SG116,Glycymeris radiolyrata,0.592356677,0.056342426,0.082083598,0.057852486,220.8481011,10.6826304,8,27.03871356,19.39422613
1.46,0.58,SG107,Arctica islandica,0.572351056,0.056342426,0.082083598,0.057852486,158.4647593,20.45086732,6,34.09575364,20.81548949
0.94,2.33,SG116,Glycymeris radiolyrata,0.532345436,0.056342426,0.082083598,0.057852486,212.3229203,11.47553222,7,49.84217028,24.24398167
1.2,2.3,SG116,Glycymeris radiolyrata,0.592340227,0.056342426,0.082083598,0.057852486,235.5596775,,8,27.0443181,19.39532747
1.63,1.95,SG116,Glycymeris radiolyrata,0.662329292,0.056342426,0.082083598,0.057852486,112.7616626,11.13227633,4,5.709163932,15.5058298
1.45,2.06,SG116,Glycymeris radiolyrata,0.572323566,0.056342426,0.082083598,0.057852486,144.1286914,13.38311738,5,34.10579606,20.8175617
0.76,2.24,SG116,Glycymeris radiolyrata,0.602318119,0.056342426,0.082083598,0.057852486,119.9113283,,4,23.70141408,18.74604227
1.98,2.33,SG116,Glycymeris radiolyrata,0.692312813,0.056342426,0.082083598,0.057852486,289.6247767,13.64848559,10,-2.135668881,14.2218623
2.62,1.33,SG107,Arctica islandica,0.712296065,0.056342426,0.082083598,0.057852486,20.47925163,4.234459876,1,-7.010725026,13.46164005
1.1,2.25,SG116,Glycymeris radiolyrata,0.732290414,0.056342426,0.082083598,0.057852486,124.4499235,107.1055879,5,-11.63432386,12.76664606
1.98,2.18,SG116,Glycymeris radiolyrata,0.792272987,0.056342426,0.082083598,0.057852486,309.8665315,11.98179217,11,-24.18124668,11.00418508
1.32,2.08,SG116,Glycymeris radiolyrata,0.612266877,0.056342426,0.082083598,0.057852486,266.9510316,10.30141124,9,20.47704585,18.13411013
1.85,1.12,SG107,Arctica islandica,0.562260919,0.056342426,0.082083598,0.057852486,63.67736421,6.035173723,3,37.84925348,21.60000167
1.04,2.26,SG116,Glycymeris radiolyrata,0.662254809,0.056342426,0.082083598,0.057852486,204.1683252,8.865119495,7,5.729507917,15.50925856
1.37,2.34,SG116,Glycymeris radiolyrata,0.652242751,0.056342426,0.082083598,0.057852486,244.8451686,,8,8.505380554,15.98198142
2.65,1.2,SG107,Arctica islandica,0.692235686,0.056342426,0.082083598,0.057852486,17.23976472,3.373816746,1,-2.116331146,14.2249347
1.97,1.99,SG116,Glycymeris radiolyrata,0.552229585,0.056342426,0.082083598,0.057852486,306.7249902,14.96352957,11,41.72064569,22.43037718
1.26,2.28,SG116,Glycymeris radiolyrata,0.632223484,0.056342426,0.082083598,0.057852486,116.4968279,,4,14.3137847,17.00287312
2.29,1.52,SG107,Arctica islandica,0.622203517,0.056342426,0.082083598,0.057852486,80.33692336,5.78869834,3,17.35925557,17.55560208
1.06,2.21,SG116,Glycymeris radiolyrata,0.722196486,0.056342426,0.082083598,0.057852486,137.6234082,13.38925473,5,-9.330536582,13.10980637
0.69,1.95,SG116,Glycymeris radiolyrata,0.71130245,0.056342426,0.082083598,0.057852486,170.5057357,9.466775324,6,-6.774512758,13.49782154
1.41,2.14,SG116,Glycymeris radiolyrata,0.691291165,0.056342426,0.082083598,0.057852486,199.3155108,11.36456868,7,-1.87917712,14.26265086
1.12,1.91,SG116,Glycymeris radiolyrata,0.601280707,0.056342426,0.082083598,0.057852486,242.6598545,5.7439588,8,24.04378692,18.81184187
0.95,1.89,SG116,Glycymeris radiolyrata,0.661236459,0.056342426,0.082083598,0.057852486,26.68740278,25.93052451,1,6.008105192,15.55626529
2.12,2.06,SG116,Glycymeris radiolyrata,0.631225872,0.056342426,0.082083598,0.057852486,32.84556591,47.56042177,2,14.61271354,17.05659024
2.27,1.97,SG116,Glycymeris radiolyrata,0.591214448,0.056342426,0.082083598,0.057852486,354.2370248,4.904329131,12,27.42862051,19.47094872
0.8,2.26,SG116,Glycymeris radiolyrata,0.391181646,0.056342426,0.082083598,0.057852486,200.072222,10.9394083,7,134.0894373,49.6605785
0.94,2.17,SG116,Glycymeris radiolyrata,0.631169836,0.056342426,0.082083598,0.057852486,77.49418156,18.86745039,3,14.62953199,17.05961595
1.27,2.28,SG116,Glycymeris radiolyrata,0.56115915,0.056342426,0.082083598,0.057852486,245.8920893,16.683958,9,38.2674915,21.68866509
1.38,2.09,SG116,Glycymeris radiolyrata,0.571137678,0.056342426,0.082083598,0.057852486,40.2517177,33.74236737,2,34.53994944,20.90728396
1.28,2.21,SG116,Glycymeris radiolyrata,0.711125472,0.056342426,0.082083598,0.057852486,204.1683252,8.865119495,7,-6.732373637,13.50428309
1.35,1.92,SG116,Glycymeris radiolyrata,0.711114685,0.056342426,0.082083598,0.057852486,170.5393214,48.43842088,6,-6.729804583,13.5046771
0.88,2.11,SG116,Glycymeris radiolyrata,0.581103614,0.056342426,0.082083598,0.057852486,242.6212718,18.14057882,8,30.94759203,20.17288125
2.22,1.76,SG116,Glycymeris radiolyrata,0.671068804,0.056342426,0.082083598,0.057852486,315.9726713,,11,3.352547781,15.11214276
1.22,2.1,SG116,Glycymeris radiolyrata,0.571058199,0.056342426,0.082083598,0.057852486,90.57526711,17.39520793,3,34.56911254,20.91332038
1.31,2.1,SG116,Glycymeris radiolyrata,0.661047307,0.056342426,0.082083598,0.057852486,199.3155108,11.36456868,7,6.059944721,15.56502272
1.66,2.03,SG116,Glycymeris radiolyrata,0.581024013,0.056342426,0.082083598,0.057852486,270.5515893,,9,30.97578866,20.17857511
1.02,2.28,SG116,Glycymeris radiolyrata,0.611012179,0.056342426,0.082083598,0.057852486,229.5942173,24.80915441,8,20.87790852,18.20942806
0.91,2.26,SG116,Glycymeris radiolyrata,0.60100121,0.056342426,0.082083598,0.057852486,193.8878909,,7,24.1362306,18.82963557
1.54,1.82,SG116,Glycymeris radiolyrata,0.530989376,0.056342426,0.082083598,0.057852486,319.3214851,18.78194332,11,50.41919822,24.37659407
0.58,2.1,SG116,Glycymeris radiolyrata,0.680967042,0.056342426,0.082083598,0.057852486,191.1271338,4.85855065,7,0.754305992,14.68606577
0.73,2.26,SG116,Glycymeris radiolyrata,0.620955093,0.056342426,0.082083598,0.057852486,163.7874336,16.7011576,6,17.74552195,17.62657585
1.32,2.04,SG116,Glycymeris radiolyrata,0.770943144,0.056342426,0.082083598,0.057852486,199.3155108,11.36456868,7,-19.92900015,11.58166137
0.6,2.07,SG116,Glycymeris radiolyrata,0.910932069,0.056342426,0.082083598,0.057852486,119.4474941,,4,-44.46557659,8.515769974
1.23,2.17,SG116,Glycymeris radiolyrata,0.700909629,0.056342426,0.082083598,0.057852486,186.8827668,40.58915597,7,-4.265527237,13.88622837
1.11,1.97,SG116,Glycymeris radiolyrata,0.680897388,0.056342426,0.082083598,0.057852486,249.154622,,9,0.772334629,14.68899362
0.77,1.58,SG116,Glycymeris radiolyrata,0.460886022,0.056342426,0.082083598,0.057852486,96.93352352,8.446765822,4,85.23974207,33.36158196
1.98,1.99,SG116,Glycymeris radiolyrata,0.590497064,0.056342426,0.082083598,0.057852486,281.6305732,44.5974595,10,27.67428257,19.51939534
1.41,2.36,SG113,Ostrea edulis,0.550485078,0.056342426,0.082083598,0.057852486,63.88850866,,3,42.40877609,22.58025697
1.04,2.14,SG116,Glycymeris radiolyrata,0.560462005,0.056342426,0.082083598,0.057852486,104.9693965,,4,38.53300531,21.74508279
0.62,1.44,SG113,Ostrea edulis,0.620425427,0.056342426,0.082083598,0.057852486,257.2960534,,9,17.90986853,17.65683306
1.31,1.96,SG116,Glycymeris radiolyrata,0.600402933,0.056342426,0.082083598,0.057852486,12.09594634,,1,24.33440185,18.86781891
1.2,2.37,SG113,Ostrea edulis,0.57037954,0.056342426,0.082083598,0.057852486,63.88850866,,3,34.81846978,20.9649837
1.71,2.19,SG116,Glycymeris radiolyrata,0.580367544,0.056342426,0.082083598,0.057852486,132.1593347,21.29014367,5,31.20862546,20.22563529
0.32,1.22,SG113,Ostrea edulis,0.678556897,0.056342426,0.082083598,0.057852486,257.1345694,23.29726256,9,1.380207234,14.78794529
-9,-8.14,SG116,Glycymeris radiolyrata,0.638550587,0.056342426,0.082083598,0.057852486,199.3155108,11.36456868,7,12.43935236,16.66868147
1.01,1.14,SG113,Ostrea edulis,0.638544591,0.056342426,0.082083598,0.057852486,63.76588004,18.56904303,3,12.44111113,16.66899291
0.3,1.47,SG113,Ostrea edulis,0.518538439,0.056342426,0.082083598,0.057852486,204.3620016,28.90481599,7,55.86601475,25.65344065
0.56,1.15,SG113,Ostrea edulis,0.638520494,0.056342426,0.082083598,0.057852486,21.7795031,24.26904276,1,12.44818069,16.67024482
0.72,1.38,SG113,Ostrea edulis,0.648514668,0.056342426,0.082083598,0.057852486,246.0583444,,9,9.560384266,16.16420033
1.09,1.22,SG113,Ostrea edulis,0.638508991,0.056342426,0.082083598,0.057852486,63.76588004,18.56904303,3,12.45155576,16.67084252
0.97,1.29,SG113,Ostrea edulis,0.628492273,0.056342426,0.082083598,0.057852486,52.89624256,30.08705675,2,15.43662367,17.20524822
0.64,1.35,SG113,Ostrea edulis,0.688484028,0.056342426,0.082083598,0.057852486,257.1345694,23.29726256,9,-1.170658336,14.37573735
0.13,2.27,SG113,Ostrea edulis,0.788475782,0.056342426,0.082083598,0.057852486,259.0305035,24.11140425,9,-23.43991172,11.10342426
0.93,1.06,SG113,Ostrea edulis,0.688467117,0.056342426,0.082083598,0.057852486,63.76588004,18.56904303,3,-1.166373304,14.37642314
0.94,1.25,SG113,Ostrea edulis,0.688450848,0.056342426,0.082083598,0.057852486,264.6773986,27.03961801,9,-1.162250713,14.37708295
0.67,1.05,SG113,Ostrea edulis,0.658445931,0.056342426,0.082083598,0.057852486,78.58418542,17.52053518,3,6.775829504,15.68630462
0.62,1.37,SG113,Ostrea edulis,0.638440884,0.056342426,0.082083598,0.057852486,257.1345694,23.29726256,9,12.47154042,16.67438193
0.65,0.77,SG113,Ostrea edulis,0.668431353,0.056342426,0.082083598,0.057852486,51.67656561,,2,4.057434775,15.2291737
0.07,1.29,SG113,Ostrea edulis,0.718426375,0.056342426,0.082083598,0.057852486,234.9821194,24.84961637,8,-8.45431567,13.24195336
0.86,1.21,SG113,Ostrea edulis,0.698421639,0.056342426,0.082083598,0.057852486,266.8987086,17.89407388,9,-3.654298061,13.9819904
0.68,1.14,SG113,Ostrea edulis,0.638417025,0.056342426,0.082083598,0.057852486,63.92342223,19.60331192,3,12.47854235,16.67562214
0.63,1.08,SG113,Ostrea edulis,0.718407994,0.056342426,0.082083598,0.057852486,246.0583444,,9,-8.450022266,13.24260309
0.59,0.79,SG113,Ostrea edulis,0.748403349,0.056342426,0.082083598,0.057852486,176.3628141,,6,-15.18997532,12.24907832
0.54,1.27,SG113,Ostrea edulis,0.708396779,0.056342426,0.082083598,0.057852486,21.7795031,24.26904276,1,-6.080121451,13.60456728
-0.01,1.29,SG113,Ostrea edulis,0.658388348,0.056342426,0.082083598,0.057852486,234.9821194,24.84961637,8,6.791738455,15.68900716
0.6,1.41,SG113,Ostrea edulis,0.618379988,0.056342426,0.082083598,0.057852486,257.1345694,23.29726256,9,18.5471591,17.77449955
0.62,1.2,SG113,Ostrea edulis,0.658229169,0.056342426,0.082083598,0.057852486,56.64989657,72.53257619,2,6.835730074,15.6964819
0.75,1.23,SG113,Ostrea edulis,0.578229102,0.056342426,0.082083598,0.057852486,246.0583444,,9,31.97081482,20.38021671
3.38,2.26,SG115,Pecten complanatus,0.621933682,0.056342426,0.082083598,0.057852486,9.312310129,17.37880143,1,17.442613,17.57090179
3.27,1.89,SG115,Pecten complanatus,0.691918467,0.056342426,0.082083598,0.057852486,178.1963049,81.97197457,6,-2.036751941,14.23758311
2.35,2.02,SG115,Pecten complanatus,0.63190396,0.056342426,0.082083598,0.057852486,143.9629358,66.89979067,5,14.40942669,17.02004722
-0.06,1.27,SG115,Pecten complanatus,0.631889454,0.056342426,0.082083598,0.057852486,76.11059971,18.07830497,3,14.41377124,17.02082764
-0.35,0.97,SG115,Pecten complanatus,0.621845495,0.056342426,0.082083598,0.057852486,78.46449477,17.90277743,3,17.46987127,17.57590686
-0.22,0.89,SG115,Pecten complanatus,0.651831292,0.056342426,0.082083598,0.057852486,91.31823844,16.71598943,3,8.621239076,16.00192328
0.2,0.72,SG115,Pecten complanatus,0.571817089,0.056342426,0.082083598,0.057852486,56.10214534,12.00341495,2,34.29099231,20.85580177
0.48,0.44,SG115,Pecten complanatus,0.551788997,0.056342426,0.082083598,0.057852486,46.05497052,6.655190042,2,41.89401304,22.46807255
-0.34,0.47,SG115,Pecten complanatus,0.561773685,0.056342426,0.082083598,0.057852486,171.1330004,3.237334785,6,38.03400245,21.63913607
0.32,0.55,SG115,Pecten complanatus,0.581759798,0.056342426,0.082083598,0.057852486,123.3701565,,5,30.71545377,20.12604673
1.4,0.32,SG115,Pecten complanatus,0.621744842,0.056342426,0.082083598,0.057852486,253.4504502,18.94733933,9,17.50099202,17.58162233
-2.45,-1.08,SG126,Astarte benedeni,0.759278235,0.040470915,0.173754774,0.08841006,96.07717302,36.23899248,4,-17.50936236,8.53924507
1.89,0.17,SG126,Astarte benedeni,0.739251965,0.040470915,0.173754774,0.08841006,119.0884859,19.17778292,4,-13.18847683,8.9813356
1.63,-0.04,SG126,Astarte benedeni,0.639263338,0.040470915,0.173754774,0.08841006,129.9717924,23.54914148,5,12.23048673,11.89795908
1.19,0.56,SG126,Astarte benedeni,0.659280808,0.040470915,0.173754774,0.08841006,155.4258326,20.84729242,6,6.545476193,11.19722407
2.58,0.79,SG126,Astarte benedeni,0.669254779,0.040470915,0.173754774,0.08841006,308.4991586,17.68427999,11,3.83678678,10.87338835
3.14,0.98,SG126,Astarte benedeni,0.669267915,0.040470915,0.173754774,0.08841006,6.26896213,25.33236064,1,3.833271067,10.87297219
2.71,0.88,SG126,Astarte benedeni,0.66926513,0.040470915,0.173754774,0.08841006,13.97235947,17.5145904,1,3.834016329,10.87306041
2.5,0.82,SG126,Astarte benedeni,0.529451661,0.040470915,0.173754774,0.08841006,13.97235947,17.5145904,1,51.07728048,17.49869012
1.58,0.41,SG126,Astarte benedeni,0.649283284,0.040470915,0.173754774,0.08841006,102.9444133,16.85904928,4,9.341904955,11.53832
1.06,0.3,SG126,Astarte benedeni,0.679300119,0.040470915,0.173754774,0.08841006,150.2693656,17.22117742,5,1.186739248,10.56274182
0.81,1.13,SG126,Astarte benedeni,0.669270685,0.040470915,0.173754774,0.08841006,205.9058452,28.31282774,7,3.832529784,10.87288444
0.77,1.07,SG126,Astarte benedeni,0.589454459,0.040470915,0.173754774,0.08841006,205.9058452,28.31282774,7,28.03238958,14.00044364
2.28,0.98,SG126,Astarte benedeni,0.569279867,0.040470915,0.173754774,0.08841006,48.17416383,21.34606791,2,35.22380905,15.03547855
2.09,1.28,SG126,Astarte benedeni,0.709274114,0.040470915,0.173754774,0.08841006,39.23865165,21.32507902,2,-6.290357281,9.718637057
2.11,1.32,SG126,Astarte benedeni,0.609298613,0.040470915,0.173754774,0.08841006,39.23865165,21.32507902,2,21.42803623,13.0934963
1.83,1.21,SG126,Astarte benedeni,0.609888434,0.040470915,0.173754774,0.08841006,39.23865165,21.32507902,2,21.23833018,13.06805053
1.58,1.27,SG126,Astarte benedeni,0.619299568,0.040470915,0.173754774,0.08841006,110.2524653,15.53221064,4,18.26013118,12.67295566
1.12,1.38,SG126,Astarte benedeni,0.759442803,0.040470915,0.173754774,0.08841006,127.680258,20.34038546,5,-17.54398222,8.535763407
0.89,1.35,SG126,Astarte benedeni,0.659271573,0.040470915,0.173754774,0.08841006,119.6444295,22.14282104,4,6.548020996,11.19753133
0.51,0.8,SG126,Astarte benedeni,0.639285771,0.040470915,0.173754774,0.08841006,127.5039661,21.80230239,5,12.22392049,11.89713308
0.37,0.9,SG126,Astarte benedeni,0.58945377,0.040470915,0.173754774,0.08841006,127.5039661,21.80230239,5,28.03262674,14.00047695
0.59,1.17,SG113,Ostrea edulis,0.739361289,0.040470915,0.173754774,0.08841006,21.7795031,24.26904276,1,-13.21266278,8.978819097
0.69,1.39,SG113,Ostrea edulis,0.7493622,0.040470915,0.173754774,0.08841006,246.0583444,,9,-15.39702016,8.753492698
0.42,0.84,SG113,Ostrea edulis,0.739362675,0.040470915,0.173754774,0.08841006,126.1969166,,5,-13.21296925,8.978787212
0.13,2.1,SG113,Ostrea edulis,0.719363612,0.040470915,0.173754774,0.08841006,242.533363,31.62291423,8,-8.672956556,9.459538491
0.58,1.14,SG113,Ostrea edulis,0.629364959,0.040470915,0.173754774,0.08841006,255.9024977,20.5084876,9,15.17282652,12.27200767
1.31,2.37,SG113,Ostrea edulis,0.619366293,0.040470915,0.173754774,0.08841006,63.88850866,,3,18.23933747,12.67022594
0.86,1.09,SG113,Ostrea edulis,0.619366728,0.040470915,0.173754774,0.08841006,63.76588004,18.56904303,3,18.23920169,12.67020812
0.26,1.5,SG113,Ostrea edulis,0.60936762,0.040470915,0.173754774,0.08841006,204.3620016,28.90481599,7,21.40582229,13.09051495
-3.94,-0.73,SG113,Ostrea edulis,0.629368748,0.040470915,0.173754774,0.08841006,,,1,15.17168263,12.27186073
1.1,1.58,SG113,Ostrea edulis,0.629369187,0.040470915,0.173754774,0.08841006,257.2960534,,9,15.17155019,12.27184372
0.52,1.24,SG113,Ostrea edulis,0.659370521,0.040470915,0.173754774,0.08841006,257.1345694,23.29726256,9,6.520756912,11.1942397
0.91,2.66,SG113,Ostrea edulis,0.619371362,0.040470915,0.173754774,0.08841006,161.4987489,30.38365861,6,18.23775778,12.67001858
0.26,0.79,SG113,Ostrea edulis,0.649371781,0.040470915,0.173754774,0.08841006,157.9387373,63.48957383,6,9.316782099,11.53522479
0.04,1.28,SG113,Ostrea edulis,0.609372666,0.040470915,0.173754774,0.08841006,234.9821194,24.84961637,8,21.40419818,13.09029699
0.74,1.14,SG113,Ostrea edulis,0.639373069,0.040470915,0.173754774,0.08841006,63.92342223,19.60331192,3,12.19837185,11.89391956
0.67,1.04,SG113,Ostrea edulis,0.609373957,0.040470915,0.173754774,0.08841006,266.8987086,17.89407388,9,21.40378244,13.0902412
1.15,1.12,SG113,Ostrea edulis,0.619374829,0.040470915,0.173754774,0.08841006,341.2868206,,12,18.23667761,12.66987679
2.48,2.24,SG116,Glycymeris radiolyrata,0.579375252,0.040470915,0.173754774,0.08841006,49.70382851,15.89068044,2,31.56158991,14.50212488
1.83,2.44,SG116,Glycymeris radiolyrata,0.559375663,0.040470915,0.173754774,0.08841006,103.3813363,27.69890454,4,38.94810497,15.59138985
2.3,2.39,SG116,Glycymeris radiolyrata,0.599376936,0.040470915,0.173754774,0.08841006,275.1317293,16.03992811,10,24.67517397,13.53426571
1.64,0.56,SG126,Astarte benedeni,0.629300934,0.040470915,0.173754774,0.08841006,13.43195167,17.31102729,1,15.19215548,12.27449084
2.8,0.84,SG126,Astarte benedeni,0.809275488,0.040470915,0.173754774,0.08841006,341.5980298,30.39972873,12,-27.42153352,7.580873714
2.82,0.88,SG126,Astarte benedeni,0.589446006,0.040470915,0.173754774,0.08841006,341.5980298,30.39972873,12,28.03529828,14.00085219
2.25,0.74,SG126,Astarte benedeni,0.699906448,0.040470915,0.173754774,0.08841006,341.5980298,30.39972873,12,-4.019574611,9.96998777
2.38,1.05,SG126,Astarte benedeni,0.649284954,0.040470915,0.173754774,0.08841006,357.1505103,29.09241172,12,9.341430813,11.53826158
2.36,1.08,SG126,Astarte benedeni,0.649297022,0.040470915,0.173754774,0.08841006,357.1505103,29.09241172,12,9.338004391,11.5378394
2.37,1.1,SG126,Astarte benedeni,0.679910996,0.040470915,0.173754774,0.08841006,357.1505103,29.09241172,12,1.02802798,10.54432972
1.73,1.06,SG126,Astarte benedeni,0.589298424,0.040470915,0.173754774,0.08841006,116.5534983,31.8317604,4,28.08609354,14.0079881
1.36,0.97,SG126,Astarte benedeni,0.639900552,0.040470915,0.173754774,0.08841006,116.5534983,31.8317604,4,12.04414404,11.87453318
0.87,0.62,SG126,Astarte benedeni,0.649273275,0.040470915,0.173754774,0.08841006,196.0751899,29.74479182,7,9.344746664,11.53867015
0.91,0.67,SG126,Astarte benedeni,0.639297848,0.040470915,0.173754774,0.08841006,196.0751899,29.74479182,7,12.22038537,11.8966884
0.57,0.47,SG126,Astarte benedeni,0.589259621,0.040470915,0.173754774,0.08841006,232.6652509,23.77221702,8,28.09945307,14.0098653
0.94,0.65,SG126,Astarte benedeni,0.679297377,0.040470915,0.173754774,0.08841006,232.6652509,23.77221702,8,1.187452378,10.5628246
1.44,0.63,SG126,Astarte benedeni,0.579446715,0.040470915,0.173754774,0.08841006,271.1211386,21.885519,9,31.53612899,14.49846254
1.61,0.66,SG126,Astarte benedeni,0.679902123,0.040470915,0.173754774,0.08841006,271.1211386,21.885519,9,1.030331214,10.54459677
2.04,0.12,SG126,Astarte benedeni,0.629262436,0.040470915,0.173754774,0.08841006,261.4493311,29.28243472,9,15.20377975,12.27598435
1.84,0.13,SG126,Astarte benedeni,0.629450628,0.040470915,0.173754774,0.08841006,261.4493311,29.28243472,9,15.14696939,12.26868638
1.15,0.81,SG126,Astarte benedeni,0.629448803,0.040470915,0.173754774,0.08841006,274.7521999,27.63183222,9,15.14751999,12.26875709
2.49,1.13,SG126,Astarte benedeni,0.629299014,0.040470915,0.173754774,0.08841006,275.8460114,27.81311401,10,15.19273522,12.27456532
0.87,0.77,SG113,Ostrea edulis,0.589294514,0.040470915,0.173754774,0.08841006,29.73552719,119.7948354,1,28.08743973,14.00817725
0.55,0.76,SG113,Ostrea edulis,0.649294251,0.040470915,0.173754774,0.08841006,67.17645837,45.03769234,3,9.33879109,11.53793633
0.57,0.81,SG113,Ostrea edulis,0.66929383,0.040470915,0.173754774,0.08841006,285.5491715,,10,3.826335728,10.87215128
0.35,0.81,SG113,Ostrea edulis,0.619293608,0.040470915,0.173754774,0.08841006,126.1969166,,5,18.26198885,12.67319955
0.53,0.69,SG113,Ostrea edulis,0.57929322,0.040470915,0.173754774,0.08841006,64.95984885,,3,31.59082413,14.50633075
0.55,0.73,SG113,Ostrea edulis,0.619292744,0.040470915,0.173754774,0.08841006,176.3628141,,6,18.26225792,12.67323487
0.65,0.93,SG113,Ostrea edulis,0.639292604,0.040470915,0.173754774,0.08841006,94.45509579,,4,12.22192025,11.89688147
0.76,0.88,SG113,Ostrea edulis,0.619292349,0.040470915,0.173754774,0.08841006,56.64989657,72.53257619,2,18.26238129,12.67325107
0.52,0.8,SG113,Ostrea edulis,0.569292061,0.040470915,0.173754774,0.08841006,285.5491715,,10,35.21930543,15.0348146
0.89,0.72,SG113,Ostrea edulis,0.599291878,0.040470915,0.173754774,0.08841006,29.73552719,119.7948354,1,24.7034774,13.53815122
0.63,0.91,SG113,Ostrea edulis,0.68929184,0.040470915,0.173754774,0.08841006,94.45509579,,4,-1.37511809,10.2681811
0.51,0.82,SG113,Ostrea edulis,0.569291784,0.040470915,0.173754774,0.08841006,126.1969166,,5,35.21940765,15.03482967
0.52,0.73,SG113,Ostrea edulis,0.619291767,0.040470915,0.173754774,0.08841006,64.95984885,,3,18.26256263,12.67327488
0.5,0.77,SG113,Ostrea edulis,0.559291741,0.040470915,0.173754774,0.08841006,67.17645837,45.03769234,3,38.98024111,15.59624656
0.61,0.9,SG113,Ostrea edulis,0.589291734,0.040470915,0.173754774,0.08841006,94.45509579,,4,28.08839681,14.00831173
0.59,0.78,SG113,Ostrea edulis,0.659291727,0.040470915,0.173754774,0.08841006,67.17645837,45.03769234,3,6.542467319,11.19686077
0.52,0.83,SG113,Ostrea edulis,0.649291742,0.040470915,0.173754774,0.08841006,285.5491715,,10,9.339503597,11.53802412
0.86,0.88,SG113,Ostrea edulis,0.669291754,0.040470915,0.173754774,0.08841006,56.64989657,72.53257619,2,3.826891221,10.87221703
0.5,0.81,SG113,Ostrea edulis,0.629291786,0.040470915,0.173754774,0.08841006,126.1969166,,5,15.19491765,12.27484572
0.88,0.76,SG113,Ostrea edulis,0.599291806,0.040470915,0.173754774,0.08841006,29.73552719,119.7948354,1,24.7035013,13.5381545
0.78,0.8,SG113,Ostrea edulis,0.609291857,0.040470915,0.173754774,0.08841006,176.3628141,,6,21.43021113,13.09378822
0.91,0.31,SG126,Astarte benedeni,0.739438622,0.040470915,0.173754774,0.08841006,291.1019959,43.3081651,10,-13.22976712,8.977039709
1.02,1.16,SG126,Astarte benedeni,0.61928243,0.040470915,0.173754774,0.08841006,302.0173628,26.68994694,10,18.26547276,12.67365695
1.47,1.16,SG126,Astarte benedeni,0.539449837,0.040470915,0.173754774,0.08841006,311.5228328,34.11322787,11,46.8687692,16.81987645
2.54,0.81,SG127,Astarte benedeni,0.53985634,0.040470915,0.173754774,0.08841006,,,1,46.70110971,16.79321219
2.36,0.47,SG127,Astarte benedeni,0.669398115,0.040470915,0.173754774,0.08841006,130.0585733,71.31986402,5,3.798431866,10.86884885
2.67,0.53,SG127,Astarte benedeni,0.589868912,0.040470915,0.173754774,0.08841006,130.0585733,71.31986402,5,27.88988285,13.98043732
0.92,0.38,SG127,Astarte benedeni,0.649403004,0.040470915,0.173754774,0.08841006,237.5809906,46.76962772,8,9.307920033,11.53413309
0.93,0.43,SG127,Astarte benedeni,0.649857903,0.040470915,0.173754774,0.08841006,237.5809906,46.76962772,8,9.178899558,11.5182472
1.79,0.61,SG127,Astarte benedeni,0.689386484,0.040470915,0.173754774,0.08841006,223.0395491,63.47453212,8,-1.399042494,10.26545673
1.07,2.33,SG113,Ostrea edulis,0.639425355,0.040470915,0.173754774,0.08841006,63.88850866,,3,12.18307306,11.89199556
0.11,2.4,SG113,Ostrea edulis,0.539426036,0.040470915,0.173754774,0.08841006,207.8617114,26.25475136,7,46.87859408,16.82143988
0.24,2.08,SG113,Ostrea edulis,0.649427366,0.040470915,0.173754774,0.08841006,242.533363,31.62291423,8,9.301005946,11.5332814
0.83,2.65,SG113,Ostrea edulis,0.659435851,0.040470915,0.173754774,0.08841006,161.4987489,30.38365861,6,6.502760234,11.19206729
0.02,2.36,SG113,Ostrea edulis,0.679436489,0.040470915,0.173754774,0.08841006,207.8617114,26.25475136,7,1.151285153,10.55862691
1.28,2.36,SG113,Ostrea edulis,0.689437925,0.040470915,0.173754774,0.08841006,242.533363,31.62291423,8,-1.412043325,10.26397648
2.18,0.14,SG127,Astarte benedeni,0.619391954,0.040470915,0.173754774,0.08841006,125.3559698,47.59484188,5,18.23134173,12.6691764
0.71,2.64,SG113,Ostrea edulis,0.689439998,0.040470915,0.173754774,0.08841006,161.4987489,30.38365861,6,-1.412567244,10.26391683
2.39,0.34,SG127,Astarte benedeni,0.629883905,0.040470915,0.173754774,0.08841006,125.3559698,47.59484188,5,15.01630093,12.25191158
1.25,2.35,SG113,Ostrea edulis,0.609444607,0.040470915,0.173754774,0.08841006,63.88850866,,3,21.38104549,13.08719018
0.64,0.34,SG127,Astarte benedeni,0.61986088,0.040470915,0.173754774,0.08841006,142.9804229,43.66667124,5,18.08534504,12.65002279
0.69,0.3,SG127,Astarte benedeni,0.649395814,0.040470915,0.173754774,0.08841006,241.5537848,32.80481742,8,9.309960617,11.53438445
0.65,0.36,SG127,Astarte benedeni,0.649891312,0.040470915,0.173754774,0.08841006,241.5537848,32.80481742,8,9.169431147,11.51708197
1.78,-0.3,SG127,Astarte benedeni,0.55945231,0.040470915,0.173754774,0.08841006,241.3184515,53.05032317,8,38.91876304,15.58695633
2.04,-0.15,SG127,Astarte benedeni,0.639874813,0.040470915,0.173754774,0.08841006,241.3184515,53.05032317,8,12.05166397,11.87547794
0.92,-0.34,SG127,Astarte benedeni,0.589391218,0.040470915,0.173754774,0.08841006,240.2100664,39.77240181,8,28.05415238,14.00350059
1.06,-0.28,SG127,Astarte benedeni,0.639895991,0.040470915,0.173754774,0.08841006,240.2100664,39.77240181,8,12.04547658,11.87470059
1.07,-0.1,SG127,Astarte benedeni,0.65938395,0.040470915,0.173754774,0.08841006,251.7456193,38.62819127,9,6.517057375,11.1937931
1.1,0.74,SG127,Astarte benedeni,0.709400789,0.040470915,0.173754774,0.08841006,243.9356962,37.63273293,8,-6.320671353,9.71531084
1.24,0.8,SG127,Astarte benedeni,0.619864549,0.040470915,0.173754774,0.08841006,243.9356962,37.63273293,8,18.08420365,12.64987313
2.63,0.54,SG127,Astarte benedeni,0.689387233,0.040470915,0.173754774,0.08841006,204.5237674,65.47805773,7,-1.399231944,10.26543516
2.44,1.04,SG127,Astarte benedeni,0.639377438,0.040470915,0.173754774,0.08841006,76.44732619,35.30627562,3,12.19709339,11.89375877
2.58,1.12,SG127,Astarte benedeni,0.599877843,0.040470915,0.173754774,0.08841006,76.44732619,35.30627562,3,24.50865773,13.51142159
1.95,0.92,SG127,Astarte benedeni,0.669382389,0.040470915,0.173754774,0.08841006,73.55663133,46.75859588,3,3.802639245,10.86934675
1.74,0.89,SG127,Astarte benedeni,0.679897487,0.040470915,0.173754774,0.08841006,73.55663133,46.75859588,3,1.031534773,10.54473631
1.14,0.58,SG127,Astarte benedeni,0.609396534,0.040470915,0.173754774,0.08841006,146.6697806,18.27762575,5,21.39651617,13.08926611
0.68,0.53,SG127,Astarte benedeni,0.629394302,0.040470915,0.173754774,0.08841006,164.1731827,19.77398778,6,15.16396917,12.2708699
0.67,0.84,SG127,Astarte benedeni,0.60937992,0.040470915,0.173754774,0.08841006,174.5199904,16.93703671,6,21.40186342,13.08998368
1.07,1.02,SG127,Astarte benedeni,0.679389559,0.040470915,0.173754774,0.08841006,180.9860295,24.03316693,6,1.163484735,10.56004271
0.29,2.16,SG113,Ostrea edulis,0.539886975,0.040470915,0.173754774,0.08841006,242.533363,31.62291423,8,46.68848496,16.79120554
1.82,1.01,SG127,Astarte benedeni,0.66938149,0.040470915,0.173754774,0.08841006,210.6390697,45.96140376,7,3.802879598,10.86937519
2.42,0.82,SG127,Astarte benedeni,0.649379155,0.040470915,0.173754774,0.08841006,229.5009076,77.41259113,8,9.314688912,11.53496692
2.49,0.87,SG127,Astarte benedeni,0.639892769,0.040470915,0.173754774,0.08841006,229.5009076,77.41259113,8,12.04641783,11.87481884
2.23,0.38,SG127,Astarte benedeni,0.659384774,0.040470915,0.173754774,0.08841006,72.79064719,77.4963025,3,6.516830411,11.1937657
0.71,0.43,SG127,Astarte benedeni,0.639388793,0.040470915,0.173754774,0.08841006,216.2905956,44.81082849,8,12.1937705,11.89334087
0.63,0.56,SG127,Astarte benedeni,0.629870291,0.040470915,0.173754774,0.08841006,216.2905956,44.81082849,8,15.02040408,12.2524381
2.05,0.34,SG127,Astarte benedeni,0.599260536,0.040470915,0.173754774,0.08841006,285.0582122,,10,24.71390855,13.5395834
2.21,0.43,SG127,Astarte benedeni,0.659904879,0.040470915,0.173754774,0.08841006,285.0582122,,10,6.373657732,11.17649147
0.92,0.37,SG127,Astarte benedeni,0.639256794,0.040470915,0.173754774,0.08841006,134.8592564,,5,12.23240222,11.89820005
0.74,0.34,SG127,Astarte benedeni,0.619882485,0.040470915,0.173754774,0.08841006,134.8592564,,5,18.07862373,12.64914148
1.21,1.31,SG113,Ostrea edulis,0.48012411,0.040470915,0.173754774,0.08841006,,,1,74.58136534,21.63756746
0.84,2.71,SG113,Ostrea edulis,0.630124116,0.040470915,0.173754774,0.08841006,161.4987489,30.38365861,6,14.94393437,12.24262808
-0.12,1.2,SG113,Ostrea edulis,0.620124046,0.040470915,0.173754774,0.08841006,234.9821194,24.84961637,8,18.00350632,12.63929478
1.2,2.36,SG113,Ostrea edulis,0.690123968,0.040470915,0.173754774,0.08841006,63.88850866,,3,-1.585250795,10.2442691
0.55,1.36,SG113,Ostrea edulis,0.680123718,0.040470915,0.173754774,0.08841006,257.1345694,23.29726256,9,0.972825413,10.53793076
0.85,1.67,SG113,Ostrea edulis,0.720123607,0.040470915,0.173754774,0.08841006,257.2960534,,9,-8.849852685,9.440489504
1.3,2.4,SG113,Ostrea edulis,0.730123389,0.040470915,0.173754774,0.08841006,63.88850866,,3,-11.14482162,9.195693975
0.57,1.35,SG113,Ostrea edulis,0.650123284,0.040470915,0.173754774,0.08841006,257.1345694,23.29726256,9,9.103712722,11.50899651
0.11,1.43,SG113,Ostrea edulis,0.600123027,0.040470915,0.173754774,0.08841006,204.3620016,28.90481599,7,24.42725293,13.5002633
0.26,2.47,SG113,Ostrea edulis,0.620122495,0.040470915,0.173754774,0.08841006,207.8617114,26.25475136,7,18.00398861,12.63935798
0.81,1.26,SG113,Ostrea edulis,0.64012231,0.040470915,0.173754774,0.08841006,255.9024977,20.5084876,9,11.97938028,11.86639878
1.2,2.35,SG113,Ostrea edulis,0.650121852,0.040470915,0.173754774,0.08841006,63.88850866,,3,9.104118467,11.50904642
0.03,1.35,SG113,Ostrea edulis,0.620121627,0.040470915,0.173754774,0.08841006,234.9821194,24.84961637,8,18.0042583,12.63939333
0.96,1.79,SG113,Ostrea edulis,0.620121066,0.040470915,0.173754774,0.08841006,257.2960534,,9,18.0044328,12.63941619
0.79,1.34,SG113,Ostrea edulis,0.630120718,0.040470915,0.173754774,0.08841006,246.0583444,,9,14.94495772,12.24275933
0.3,1.45,SG113,Ostrea edulis,0.58011721,0.040470915,0.173754774,0.08841006,204.3620016,28.90481599,7,31.2975552,14.4641762
1.26,1.28,SG113,Ostrea edulis,0.519604159,0.040470915,0.173754774,0.08841006,341.2868206,,12,55.38900339,18.21330487
0.17,2.14,SG113,Ostrea edulis,0.639598011,0.040470915,0.173754774,0.08841006,242.533363,31.62291423,8,12.13257177,11.8856459
0.89,2.28,SG113,Ostrea edulis,0.679594775,0.040470915,0.173754774,0.08841006,63.88850866,,3,1.110150557,10.55385406
1.22,1.89,SG116,Glycymeris radiolyrata,0.626264167,0.040470915,0.173754774,0.08841006,40.51932854,25.51519862,2,16.11343828,12.3932414
1.5,2.06,SG116,Glycymeris radiolyrata,0.546251978,0.040470915,0.173754774,0.08841006,240.4660519,33.22279863,8,44.09748234,16.38282552
0.82,2.13,SG116,Glycymeris radiolyrata,0.586226721,0.040470915,0.173754774,0.08841006,102.2829561,22.01266388,4,29.14919317,14.15790331
2.81,1.28,SG107,Arctica islandica,0.566189666,0.040470915,0.173754774,0.08841006,323.8632733,3.445777975,11,36.37148127,15.20532536
1.38,1.27,SG107,Arctica islandica,0.61617712,0.040470915,0.173754774,0.08841006,144.6795205,10.12916934,5,19.23820324,12.80180363
1.08,2.36,SG116,Glycymeris radiolyrata,0.606164574,0.040470915,0.173754774,0.08841006,206.4826896,15.52370069,7,22.44223548,13.23010323
0.84,2.23,SG116,Glycymeris radiolyrata,0.425860444,0.040470915,0.173754774,0.08841006,,,1,107.4528837,28.49181205
1.07,2.28,SG116,Glycymeris radiolyrata,0.655813767,0.040470915,0.173754774,0.08841006,187.1033661,12.22499286,7,7.505820619,11.31358335
1.13,2.2,SG116,Glycymeris radiolyrata,0.595782891,0.040470915,0.173754774,0.08841006,332.2423655,41.39603737,11,25.87819263,13.70008477
1.54,2.03,SG116,Glycymeris radiolyrata,0.595767161,0.040470915,0.173754774,0.08841006,72.80433359,29.37411642,3,25.88348991,13.70081796
0.97,2.19,SG116,Glycymeris radiolyrata,0.574719098,0.040470915,0.173754774,0.08841006,104.9693965,,4,33.23436895,14.74411954
0.88,2.23,SG116,Glycymeris radiolyrata,0.544705328,0.040470915,0.173754774,0.08841006,140.372733,19.69386504,5,44.72128263,16.48051978
0.83,2.22,SG116,Glycymeris radiolyrata,0.614684936,0.040470915,0.173754774,0.08841006,192.3857747,,7,19.70910432,12.86415373
0.52,2.15,SG116,Glycymeris radiolyrata,0.464678265,0.040470915,0.173754774,0.08841006,,,1,83.06118803,23.28215558
1.32,2.06,SG116,Glycymeris radiolyrata,0.564665115,0.040470915,0.173754774,0.08841006,30.34074807,24.41377511,1,36.94242615,15.29030472
2.75,1.38,SG107,Arctica islandica,0.624658635,0.040470915,0.173754774,0.08841006,343.7093954,4.313025664,12,16.60410082,12.45680247
1.07,2.18,SG116,Glycymeris radiolyrata,0.574645295,0.040470915,0.173754774,0.08841006,151.5998952,12.38596463,5,33.26110594,14.74800959
1.12,2.15,SG116,Glycymeris radiolyrata,0.594624233,0.040470915,0.173754774,0.08841006,44.1331326,44.96036428,2,26.26914345,13.75426697
1.24,2.41,SG116,Glycymeris radiolyrata,0.494617993,0.040470915,0.173754774,0.08841006,275.1317293,16.03992811,10,67.15117561,20.26380656
2.63,1.27,SG107,Arctica islandica,0.604603653,0.040470915,0.173754774,0.08841006,319.2238642,,11,22.95128524,13.29903198
1.13,2.08,SG116,Glycymeris radiolyrata,0.56459744,0.040470915,0.173754774,0.08841006,258.6992142,19.96619209,9,36.96784366,15.29409535
1.2,2.1,SG116,Glycymeris radiolyrata,0.654584262,0.040470915,0.173754774,0.08841006,130.4926785,,5,7.848767977,11.3553334
0.51,1.99,SG116,Glycymeris radiolyrata,0.624577297,0.040470915,0.173754774,0.08841006,231.8431336,24.73336365,8,16.62902505,12.46003706
1.29,2.36,SG116,Glycymeris radiolyrata,0.674563208,0.040470915,0.173754774,0.08841006,296.2169491,15.90343713,10,2.426859124,10.70735586
1.8,2.03,SG116,Glycymeris radiolyrata,0.634556649,0.040470915,0.173754774,0.08841006,29.53783981,17.35927324,1,13.61828648,12.07340909
1.92,2.15,SG116,Glycymeris radiolyrata,0.614536072,0.040470915,0.173754774,0.08841006,299.4547701,41.51965823,10,19.75620755,12.87040177
-2.25,2.01,SG116,Glycymeris radiolyrata,0.244523014,0.040470915,0.173754774,0.08841006,,,1,381.1870077,162.8511501
2.08,2.06,SG116,Glycymeris radiolyrata,0.614505329,0.040470915,0.173754774,0.08841006,330.9128193,42.69297345,11,19.7659379,12.87169272
2.23,1.36,SG107,Arctica islandica,0.643949587,0.040470915,0.173754774,0.08841006,293.7403218,23.46920447,10,10.86854022,11.72746183
2.41,1.2,SG107,Arctica islandica,0.553943153,0.040470915,0.173754774,0.08841006,28.89155802,4.294990247,1,41.04908362,15.91108046
0.87,0.78,SG107,Arctica islandica,0.653930111,0.040470915,0.173754774,0.08841006,130.1703985,15.69829862,5,8.031744239,11.37765127
1.96,1.29,SG107,Arctica islandica,0.573924199,0.040470915,0.173754774,0.08841006,53.95232892,6.413398429,2,33.52270834,14.78610777
1.5,0.92,SG107,Arctica islandica,0.623911352,0.040470915,0.173754774,0.08841006,113.2160247,13.09626761,4,16.83332942,12.48657252
0.92,1.96,SG116,Glycymeris radiolyrata,0.592745035,0.040470915,0.173754774,0.08841006,94.14418193,10.54481941,4,26.90649013,13.8429087
1.39,2.06,SG116,Glycymeris radiolyrata,0.572740042,0.040470915,0.173754774,0.08841006,81.40571867,9.904063947,3,33.95375991,14.84902928
1.42,2.13,SG116,Glycymeris radiolyrata,0.622729217,0.040470915,0.173754774,0.08841006,77.70972783,,3,17.19706201,12.53390944
1.5,2.06,SG116,Glycymeris radiolyrata,0.552724241,0.040470915,0.173754774,0.08841006,74.01373685,7.462249853,3,41.52634401,15.98431838
1.65,2.06,SG116,Glycymeris radiolyrata,0.572714161,0.040470915,0.173754774,0.08841006,57.05839465,,2,33.96320114,14.85040947
2.2,0.88,SG107,Arctica islandica,0.642698746,0.040470915,0.173754774,0.08841006,58.73638802,14.43488121,2,11.23015855,11.77256937
2.67,1.37,SG107,Arctica islandica,0.64269367,0.040470915,0.173754774,0.08841006,363.6241578,4.6062017,12,11.23162885,11.77275301
2.61,1.41,SG107,Arctica islandica,0.622685774,0.040470915,0.173754774,0.08841006,0.960510317,4.632802969,1,17.21045505,12.53565476
1.68,1.04,SG107,Arctica islandica,0.60266289,0.040470915,0.173754774,0.08841006,77.09131131,6.941961609,3,23.5878926,13.3855749
2.58,1.31,SG107,Arctica islandica,0.622647386,0.040470915,0.173754774,0.08841006,359.0738158,5.251485964,12,17.22229133,12.53719734
1.24,1.26,SG107,Arctica islandica,0.602640123,0.040470915,0.173754774,0.08841006,214.1580287,,8,23.5953852,13.38659574
1.94,1.16,SG107,Arctica islandica,0.612625229,0.040470915,0.173754774,0.08841006,281.5055126,6.607214805,10,20.36285678,12.95105497
2.23,1.5,SG107,Arctica islandica,0.662618157,0.040470915,0.173754774,0.08841006,86.9216364,,3,5.630306,11.08709312
2.2,1.19,SG107,Arctica islandica,0.702602796,0.040470915,0.173754774,0.08841006,52.73906516,,2,-4.679120744,9.896537151
1.87,1.13,SG107,Arctica islandica,0.612592594,0.040470915,0.173754774,0.08841006,288.2520811,6.042001091,10,20.37325036,12.95243976
1.77,1.25,SG116,Glycymeris radiolyrata,0.641859781,0.040470915,0.173754774,0.08841006,151.5998952,12.38596463,5,11.47347877,11.80298656
2.16,1.22,SG116,Glycymeris radiolyrata,0.67185928,0.040470915,0.173754774,0.08841006,275.1317293,16.03992811,10,3.142329637,10.79139382
2.43,1.36,SG107,Arctica islandica,0.591858792,0.040470915,0.173754774,0.08841006,319.2238642,,11,27.20848313,13.88504466
1.12,1.29,SG116,Glycymeris radiolyrata,0.571857829,0.040470915,0.173754774,0.08841006,231.8431336,24.73336365,8,34.27608289,14.89619817
-15.77,-42.32,SG116,Glycymeris radiolyrata,0.401856867,0.040470915,0.173754774,0.08841006,296.2169491,15.90343713,10,125.301862,32.78311073
1.09,0.91,SG116,Glycymeris radiolyrata,0.681854861,0.040470915,0.173754774,0.08841006,,,1,0.524820981,10.4860959
2.6,1.32,SG107,Arctica islandica,0.581880072,0.040470915,0.173754774,0.08841006,14.02295156,3.193764607,1,30.67296209,14.37467443
2.75,1.25,SG107,Arctica islandica,0.561881039,0.040470915,0.173754774,0.08841006,21.43103066,3.08739543,1,37.99326787,15.44755513
2.04,0.86,SG107,Arctica islandica,0.721884952,0.040470915,0.173754774,0.08841006,85.11713708,9.52539653,3,-9.258461677,9.396587437
1.51,1.21,SG107,Arctica islandica,0.661885962,0.040470915,0.173754774,0.08841006,168.5181602,10.17123211,6,5.830319591,11.11109985
2.17,1.12,SG107,Arctica islandica,0.681888066,0.040470915,0.173754774,0.08841006,255.7987477,,9,0.516249231,10.48510582
1.19,2.15,SG116,Glycymeris radiolyrata,0.531891056,0.040470915,0.173754774,0.08841006,96.85755987,52.75913877,4,50.03517315,17.32889394
1.44,2.05,SG116,Glycymeris radiolyrata,0.621892157,0.040470915,0.173754774,0.08841006,208.291621,25.26178891,7,17.45544714,12.56760993
0.91,2.21,SG116,Glycymeris radiolyrata,0.63189439,0.040470915,0.173754774,0.08841006,107.8786081,,4,14.41229286,12.17457262
2.74,1.13,SG107,Arctica islandica,0.671895521,0.040470915,0.173754774,0.08841006,60.57461823,14.16458602,2,3.132703061,10.79026016
2.77,1.27,SG107,Arctica islandica,0.641897688,0.040470915,0.173754774,0.08841006,40.42688241,,2,11.46247143,11.8016094
1.14,2.38,SG116,Glycymeris radiolyrata,0.641900921,0.040470915,0.173754774,0.08841006,202.1426671,13.16741571,7,11.46153257,11.80149194
0.97,2.35,SG116,Glycymeris radiolyrata,0.651902077,0.040470915,0.173754774,0.08841006,124.8276463,,5,8.601297242,11.44731012
1.04,1.12,SG116,Glycymeris radiolyrata,0.751904447,0.040470915,0.173754774,0.08841006,193.8878909,,7,-15.94356438,8.697715742
1.17,2.15,SG116,Glycymeris radiolyrata,0.601905564,0.040470915,0.173754774,0.08841006,61.3616759,35.57852136,3,23.83742625,13.41960137
1,2.34,SG116,Glycymeris radiolyrata,0.661907886,0.040470915,0.173754774,0.08841006,145.0235375,13.4171453,5,5.824324371,11.11037976
0.66,2.04,SG116,Glycymeris radiolyrata,0.661909158,0.040470915,0.173754774,0.08841006,120.8007613,11.55865304,4,5.823976758,11.11033801
0.87,2.22,SG116,Glycymeris radiolyrata,0.591911706,0.040470915,0.173754774,0.08841006,257.6881135,,9,27.19042679,13.88252288
1.36,2.1,SG116,Glycymeris radiolyrata,0.561912942,0.040470915,0.173754774,0.08841006,86.15719018,12.86307589,3,37.98116578,15.44573791
1.2,2.26,SG116,Glycymeris radiolyrata,0.621915555,0.040470915,0.173754774,0.08841006,232.0022237,13.52318446,8,17.44821529,12.56666587
1.54,1.84,SG116,Glycymeris radiolyrata,0.641916968,0.040470915,0.173754774,0.08841006,68.82165668,12.68591792,3,11.45687347,11.80090906
1.71,2.22,SG116,Glycymeris radiolyrata,0.521990873,0.040470915,0.173754774,0.08841006,265.950549,39.18283642,9,54.32820382,18.03567589
1.86,2.03,SG116,Glycymeris radiolyrata,0.691989916,0.040470915,0.173754774,0.08841006,11.20006414,21.77041101,1,-2.054682097,10.19098604
1.07,2.2,SG116,Glycymeris radiolyrata,0.69198815,0.040470915,0.173754774,0.08841006,261.0959436,,9,-2.054238986,10.19103624
2.03,1.88,SG116,Glycymeris radiolyrata,0.771987221,0.040470915,0.173754774,0.08841006,262.5934337,7.136460058,9,-20.1422371,8.277177513
1.16,2.13,SG116,Glycymeris radiolyrata,0.651985395,0.040470915,0.173754774,0.08841006,12.09594634,,1,8.577829962,11.44443429
1.58,1.84,SG116,Glycymeris radiolyrata,0.631982593,0.040470915,0.173754774,0.08841006,247.1270625,9.87065719,9,14.38588103,12.17119833
1.73,2.06,SG116,Glycymeris radiolyrata,0.591981645,0.040470915,0.173754774,0.08841006,245.8143856,37.44504291,9,27.16656561,13.87919087
0.83,2.17,SG116,Glycymeris radiolyrata,0.601979701,0.040470915,0.173754774,0.08841006,216.7962191,13.77003361,8,23.81297088,13.41626404
2.14,1.97,SG116,Glycymeris radiolyrata,0.601978755,0.040470915,0.173754774,0.08841006,252.7581487,6.80138033,9,23.81328271,13.41630659
1.48,2.27,SG116,Glycymeris radiolyrata,0.581973633,0.040470915,0.173754774,0.08841006,248.8894106,33.30290667,9,30.63992031,14.36995017
0.75,2.01,SG116,Glycymeris radiolyrata,0.661972552,0.040470915,0.173754774,0.08841006,237.6889335,5.365725176,8,5.806643391,11.10825627
1.74,2.05,SG116,Glycymeris radiolyrata,0.631970531,0.040470915,0.173754774,0.08841006,235.6057945,8.384759676,8,14.38949238,12.17165967
0.63,2.15,SG116,Glycymeris radiolyrata,0.581969564,0.040470915,0.173754774,0.08841006,213.560643,5.139029045,7,30.64135699,14.37015556
0.16,1.78,SG116,Glycymeris radiolyrata,0.661967402,0.040470915,0.173754774,0.08841006,191.1271338,4.85855065,7,5.808051473,11.10842537
0.79,2.25,SG116,Glycymeris radiolyrata,0.671963521,0.040470915,0.173754774,0.08841006,190.7604282,7.127859154,7,3.114643618,10.78813362
0.86,2.23,SG116,Glycymeris radiolyrata,0.661961332,0.040470915,0.173754774,0.08841006,217.3996913,11.79002503,8,5.809710988,11.10862467
0.31,2.22,SG116,Glycymeris radiolyrata,0.591960191,0.040470915,0.173754774,0.08841006,183.474006,11.7927058,7,27.17388454,13.88021284
1.39,2.35,SG116,Glycymeris radiolyrata,0.771957825,0.040470915,0.173754774,0.08841006,260.0504902,,9,-20.13624074,8.27776814
1.61,2.37,SG116,Glycymeris radiolyrata,0.741956631,0.040470915,0.173754774,0.08841006,316.6650917,,11,-13.78485799,8.919421643
1.99,2.38,SG116,Glycymeris radiolyrata,0.721955405,0.040470915,0.173754774,0.08841006,64.37241627,11.97916863,3,-9.274766637,9.394838447
0.51,2.17,SG116,Glycymeris radiolyrata,0.691954212,0.040470915,0.173754774,0.08841006,163.7874336,16.7011576,6,-2.045722428,10.19200125
1.28,2.36,SG116,Glycymeris radiolyrata,0.681953018,0.040470915,0.173754774,0.08841006,246.1135958,,9,0.499484552,10.48316958
2.97,1.45,SG105,Pygocardia rustica,0.690680302,0.040470915,0.173754774,0.08841006,34.43459651,70.62096487,2,-1.725467136,10.22833414
2.29,0.93,SG105,Pygocardia rustica,0.59067622,0.040470915,0.173754774,0.08841006,0.179979365,23.06957965,1,27.61287573,13.9416042
2.18,0.03,SG105,Pygocardia rustica,0.640674827,0.040470915,0.173754774,0.08841006,13.77032961,37.75877188,1,11.81821079,11.84617205
2.88,1.36,SG105,Pygocardia rustica,0.610672047,0.040470915,0.173754774,0.08841006,34.43459651,70.62096487,2,20.98686025,13.03437188
1.99,-0.39,SG105,Pygocardia rustica,0.650668335,0.040470915,0.173754774,0.08841006,24.38556935,,1,8.949479023,11.49003592
2.46,1.79,SG105,Pygocardia rustica,0.690663606,0.040470915,0.173754774,0.08841006,348.8624321,,12,-1.721262245,10.22881176
2.88,1.26,SG105,Pygocardia rustica,0.660661243,0.040470915,0.173754774,0.08841006,44.34541818,35.14105145,2,6.165840556,11.15144972
2.26,0.83,SG105,Pygocardia rustica,0.650657245,0.040470915,0.173754774,0.08841006,0.179979365,23.06957965,1,8.952614635,11.49042118
2.36,1.01,SG105,Pygocardia rustica,0.590655692,0.040470915,0.173754774,0.08841006,250.7977237,61.29005273,9,27.61990979,13.94258939
2.26,1.7,SG105,Pygocardia rustica,0.600646883,0.040470915,0.173754774,0.08841006,50.80514073,,2,24.25354902,13.47647432
2.11,-0.39,SG105,Pygocardia rustica,0.670643533,0.040470915,0.173754774,0.08841006,24.38556935,,1,3.465842338,10.82953882
2.75,1.21,SG105,Pygocardia rustica,0.660641796,0.040470915,0.173754774,0.08841006,333.511093,13.62429688,11,6.171177927,11.1520924
2.65,1.81,SG105,Pygocardia rustica,0.620638291,0.040470915,0.173754774,0.08841006,348.8624321,,12,17.84378698,12.61837536
2.21,1.71,SG105,Pygocardia rustica,0.600636521,0.040470915,0.173754774,0.08841006,50.80514073,,2,24.25698187,13.47694418
2.79,1.29,SG105,Pygocardia rustica,0.69063295,0.040470915,0.173754774,0.08841006,44.34541818,35.14105145,2,-1.713541183,10.22968882
2.16,-0.08,SG105,Pygocardia rustica,0.680625871,0.040470915,0.173754774,0.08841006,19.07794944,,1,0.842646187,10.52285102
3.22,2.37,SG115,Pecten complanatus,0.560141371,0.040470915,0.173754774,0.08841006,339.0099256,,12,38.65534948,15.54719333
2.49,1.14,SG105,Pygocardia rustica,0.599285125,0.040470915,0.173754774,0.08841006,34.43459651,70.62096487,2,24.70572485,13.53845978
2.44,1.23,SG105,Pygocardia rustica,0.559286969,0.040470915,0.173754774,0.08841006,333.511093,13.62429688,11,38.98206899,15.59652283
3.55,2.2,SG115,Pecten complanatus,0.589325389,0.040470915,0.173754774,0.08841006,21.54077833,13.08939921,1,28.07681063,14.00668382
2.68,2.09,SG115,Pecten complanatus,0.620190005,0.040470915,0.173754774,0.08841006,353.7613045,55.04915512,12,17.98300542,12.63660834
1.74,2.17,SG115,Pecten complanatus,0.690153754,0.040470915,0.173754774,0.08841006,33.90082786,75.44740791,2,-1.592763476,10.2434149
1.54,2.15,SG115,Pecten complanatus,0.600183331,0.040470915,0.173754774,0.08841006,147.6116618,54.20655369,5,24.4072416,13.49752127
1.51,-0.23,SG105,Pygocardia rustica,0.609295822,0.040470915,0.173754774,0.08841006,13.77032961,37.75877188,1,21.42893469,13.09361689
1.28,2.01,SG115,Pecten complanatus,0.630182907,0.040470915,0.173754774,0.08841006,200.4825806,56.31086959,7,14.92623129,12.24035778
0.97,1.91,SG115,Pecten complanatus,0.530142469,0.040470915,0.173754774,0.08841006,205.399673,39.45841096,7,50.78114517,17.45032422
0.53,1.48,SG115,Pecten complanatus,0.620210043,0.040470915,0.173754774,0.08841006,297.7764458,46.59214924,10,17.97677831,12.63579241
1,1.76,SG115,Pecten complanatus,0.66932877,0.040470915,0.173754774,0.08841006,301.2292051,43.92107734,10,3.816985721,10.87104463
-0.02,1.09,SG115,Pecten complanatus,0.650212,0.040470915,0.173754774,0.08841006,304.0836462,41.79489376,10,9.078591377,11.5059068
0.72,1.55,SG115,Pecten complanatus,0.660184,0.040470915,0.173754774,0.08841006,306.293837,39.37876601,11,6.296913024,11.16723939
0.75,1.55,SG115,Pecten complanatus,0.63016062,0.040470915,0.173754774,0.08841006,308.2540617,37.64764148,11,14.93294179,12.24121832
0.87,1.65,SG115,Pecten complanatus,0.660183224,0.040470915,0.173754774,0.08841006,309.8830351,35.89102318,11,6.29712622,11.16726509
0.53,1.67,SG115,Pecten complanatus,0.600213028,0.040470915,0.173754774,0.08841006,311.8623037,34.3580434,11,24.39738828,13.49617127
0.21,1.44,SG115,Pecten complanatus,0.56014454,0.040470915,0.173754774,0.08841006,314.7796344,32.99591521,11,38.65413972,15.54701088
0.48,1.62,SG115,Pecten complanatus,0.579329936,0.040470915,0.173754774,0.08841006,317.5822639,31.83712046,11,31.57773829,14.50444801
0.18,1.53,SG115,Pecten complanatus,0.630183323,0.040470915,0.173754774,0.08841006,321.7980557,30.7743411,11,14.92610602,12.24034171
0.08,1.2,SG115,Pecten complanatus,0.680182051,0.040470915,0.173754774,0.08841006,329.77002,29.35292765,11,0.957693362,10.53617714
0.04,1.55,SG115,Pecten complanatus,0.62116006,0.040470915,0.173754774,0.08841006,340.0456841,27.84486192,12,17.68199869,12.59720887
0.26,1.74,SG115,Pecten complanatus,0.559332283,0.040470915,0.173754774,0.08841006,345.7761436,26.21761189,12,38.96471508,15.59389999
0.46,1.76,SG115,Pecten complanatus,0.600183518,0.040470915,0.173754774,0.08841006,346.9151312,24.79854538,12,24.40717958,13.49751277
0.33,1.84,SG115,Pecten complanatus,0.610145568,0.040470915,0.173754774,0.08841006,348.4706979,23.23887314,12,21.15574202,13.05698324
-0.19,1.55,SG115,Pecten complanatus,0.621157654,0.040470915,0.173754774,0.08841006,350.050662,21.8081128,12,17.68274433,12.59730637
-0.14,1.54,SG115,Pecten complanatus,0.609336119,0.040470915,0.173754774,0.08841006,352.0941608,20.42198776,12,21.4159621,13.09187576
-0.03,1.72,SG115,Pecten complanatus,0.550214529,0.040470915,0.173754774,0.08841006,354.2598103,19.67823366,12,42.51590016,16.13690129
-0.12,1.56,SG115,Pecten complanatus,0.560162569,0.040470915,0.173754774,0.08841006,357.1434778,18.35792376,12,38.64725653,15.54597277
-0.26,1.56,SG115,Pecten complanatus,0.630183611,0.040470915,0.173754774,0.08841006,360.7813883,17.05141682,12,14.92601916,12.24033057
-0.14,1.51,SG115,Pecten complanatus,0.650147636,0.040470915,0.173754774,0.08841006,0.679811691,16.07390066,1,9.096816517,11.50814828
-0.08,1.51,SG115,Pecten complanatus,0.619338488,0.040470915,0.173754774,0.08841006,7.037253449,15.32163179,1,18.24800193,12.67136333
-2.58,0.32,SG115,Pecten complanatus,0.550216248,0.040470915,0.173754774,0.08841006,149.5078581,13.90001041,5,42.515219,16.13679592
-0.01,1.28,SG115,Pecten complanatus,0.560163547,0.040470915,0.173754774,0.08841006,23.01021078,19.77607909,1,38.64688312,15.54591646
-0.51,0.74,SG115,Pecten complanatus,0.620217456,0.040470915,0.173754774,0.08841006,78.45752967,16.6244186,3,17.97447457,12.63549057
0.34,0.84,SG115,Pecten complanatus,0.579284189,0.040470915,0.173754774,0.08841006,125.5391761,15.23235554,5,31.594043,14.5067939
0.92,0.96,SG115,Pecten complanatus,0.559339571,0.040470915,0.173754774,0.08841006,220.3926069,10.04197784,8,38.96192457,15.59347827
1.09,0.83,SG115,Pecten complanatus,0.620183743,0.040470915,0.173754774,0.08841006,345.0364704,8.394958886,12,17.98495167,12.63686336
0.88,1.44,SG115,Pecten complanatus,0.529287827,0.040470915,0.173754774,0.08841006,180.3278413,11.25549355,6,51.14763217,17.51019365
0.65,1.57,SG115,Pecten complanatus,0.559345422,0.040470915,0.173754774,0.08841006,312.7087418,12.6703705,11,38.95968385,15.59313964
0.3,1.27,SG115,Pecten complanatus,0.640184267,0.040470915,0.173754774,0.08841006,348.5798776,13.87523912,12,11.96129367,11.86412775
0.26,1.18,SG115,Pecten complanatus,0.640189556,0.040470915,0.173754774,0.08841006,1.561337896,15.40923741,1,11.95975004,11.86393394
0.22,1.21,SG115,Pecten complanatus,0.680182201,0.040470915,0.173754774,0.08841006,17.05235895,16.19404842,1,0.957654556,10.53617264
0.03,1.08,SG115,Pecten complanatus,0.619289201,0.040470915,0.173754774,0.08841006,31.81691927,,1,18.26336246,12.67337989
-0.25,1.13,SG115,Pecten complanatus,0.529341871,0.040470915,0.173754774,0.08841006,61.34603939,,3,51.12442032,17.5063976
-0.14,0.99,SG115,Pecten complanatus,0.630188633,0.040470915,0.173754774,0.08841006,96.47147036,17.99148398,4,14.92450719,12.24013669
-0.77,0.83,SG115,Pecten complanatus,0.740203882,0.040470915,0.173754774,0.08841006,47.02084939,18.57304959,2,-13.39884427,8.959463156
-0.34,0.83,SG115,Pecten complanatus,0.559292918,0.040470915,0.173754774,0.08841006,99.13320587,18.18054315,4,38.97979045,15.59617844
-0.46,0.76,SG115,Pecten complanatus,0.59934653,0.040470915,0.173754774,0.08841006,101.3394591,18.63626796,4,24.68529072,13.53565446
-0.47,0.57,SG115,Pecten complanatus,0.63018729,0.040470915,0.173754774,0.08841006,103.1534327,16.82002552,4,14.92491144,12.24018852
-0.57,0.45,SG115,Pecten complanatus,0.590186844,0.040470915,0.173754774,0.08841006,103.2120165,16.95542208,4,27.78070111,13.96512258
-0.23,0.66,SG115,Pecten complanatus,0.710204268,0.040470915,0.173754774,0.08841006,101.3829329,14.80040877,4,-6.512708643,9.694257333
-0.21,0.47,SG115,Pecten complanatus,0.629294823,0.040470915,0.173754774,0.08841006,100.0146066,13.63641975,4,15.19400055,12.27472789
-0.11,0.46,SG115,Pecten complanatus,0.570182327,0.040470915,0.173754774,0.08841006,98.43835795,12.32473544,4,34.89104479,14.98647424
-0.17,0.46,SG115,Pecten complanatus,0.569349012,0.040470915,0.173754774,0.08841006,98.3677546,11.86374208,4,35.19827497,15.03171444
0.1,0.56,SG115,Pecten complanatus,0.610205049,0.040470915,0.173754774,0.08841006,95.8242337,11.729915,4,21.13664716,13.05442532
0.16,0.69,SG115,Pecten complanatus,0.660154759,0.040470915,0.173754774,0.08841006,94.52598379,12.02849772,4,6.304949929,11.16820805
0.16,0.51,SG115,Pecten complanatus,0.590205404,0.040470915,0.173754774,0.08841006,91.37285057,10.52728965,3,27.77433106,13.96422942
0.36,0.56,SG115,Pecten complanatus,0.569298749,0.040470915,0.173754774,0.08841006,85.60810382,9.363855854,3,35.21683569,15.03445051
0.35,0.56,SG115,Pecten complanatus,0.639350228,0.040470915,0.173754774,0.08841006,92.14852738,8.277766679,4,12.20505568,11.8947602
0.48,0.43,SG115,Pecten complanatus,0.640206214,0.040470915,0.173754774,0.08841006,90.10864552,7.478866267,3,11.95488789,11.86332348
-0.13,0.42,SG115,Pecten complanatus,0.630156729,0.040470915,0.173754774,0.08841006,88.16858159,7.043911297,3,14.93411336,12.24136856
0.58,0.42,SG115,Pecten complanatus,0.600207457,0.040470915,0.173754774,0.08841006,213.1271921,,7,24.39923636,13.49642447
0.32,0.32,SG115,Pecten complanatus,0.610185932,0.040470915,0.173754774,0.08841006,338.0858004,4.419267274,12,21.14278376,13.05524734
1.1,0.46,SG115,Pecten complanatus,0.649300848,0.040470915,0.173754774,0.08841006,179.1844897,,6,9.336918291,11.53770559
1.28,0.41,SG115,Pecten complanatus,0.629352738,0.040470915,0.173754774,0.08841006,282.2338335,2.484702236,10,15.1765158,12.2724816
1.51,0.54,SG115,Pecten complanatus,0.590185501,0.040470915,0.173754774,0.08841006,308.4162509,3.240495468,11,27.78116204,13.96518721
1.77,0.52,SG115,Pecten complanatus,0.610159649,0.040470915,0.173754774,0.08841006,351.1888136,,12,21.15122119,13.05637761
2.2,0.49,SG115,Pecten complanatus,0.710182679,0.040470915,0.173754774,0.08841006,7.575094785,1.214393675,1,-6.50755408,9.694822038
1.59,0.46,SG115,Pecten complanatus,0.629301853,0.040470915,0.173754774,0.08841006,41.07456606,3.454242139,2,15.19187791,12.27445517
1.27,0.43,SG115,Pecten complanatus,0.580168015,0.040470915,0.173754774,0.08841006,72.54835067,2.935736327,3,31.27950074,14.46158377
1.2,0.69,SG115,Pecten complanatus,0.570184212,0.040470915,0.173754774,0.08841006,83.3284869,2.236442094,3,34.89035093,14.98637217
0.63,1,SG115,Pecten complanatus,0.599303854,0.040470915,0.173754774,0.08841006,101.2207725,2.095676724,4,24.69949186,13.53760404
0.37,0.47,SG115,Pecten complanatus,0.600168911,0.040470915,0.173754774,0.08841006,118.3658082,2.163935882,4,24.41202635,13.49817686
0.57,0.78,SG115,Pecten complanatus,0.610218051,0.040470915,0.173754774,0.08841006,126.9565315,2.076984963,5,21.13247398,13.05386634
-0.12,0.48,SG115,Pecten complanatus,0.639304929,0.040470915,0.173754774,0.08841006,146.8622035,3.493406425,5,12.21831303,11.89642772
-0.21,0.45,SG115,Pecten complanatus,0.580170756,0.040470915,0.173754774,0.08841006,159.4466261,3.819255499,6,31.27852692,14.46144395
0.2,0.44,SG115,Pecten complanatus,0.600221821,0.040470915,0.173754774,0.08841006,170.8306397,8.133085608,6,24.39447085,13.49577157
-0.13,0.26,SG115,Pecten complanatus,0.619306933,0.040470915,0.173754774,0.08841006,177.9352734,5.735849499,6,18.25783593,12.67265433
0.13,0.27,SG115,Pecten complanatus,0.61017168,0.040470915,0.173754774,0.08841006,185.6482478,6.35938944,7,21.14735879,13.05586019
0.79,0.28,SG115,Pecten complanatus,0.600219296,0.040470915,0.173754774,0.08841006,194.4533885,9.21449853,7,24.39530873,13.49588637
0.86,0.22,SG115,Pecten complanatus,0.659307969,0.040470915,0.173754774,0.08841006,203.826273,9.332365414,7,6.537991488,11.19632038
1.05,0.14,SG115,Pecten complanatus,0.599354097,0.040470915,0.173754774,0.08841006,231.7219071,11.00017111,8,24.68277301,13.53530884
-2.05,-1.11,SG115,Pecten complanatus,0.660221254,0.040470915,0.173754774,0.08841006,238.4178002,7.277649368,8,6.286674749,11.16600549
1.69,0.33,SG115,Pecten complanatus,0.619310147,0.040470915,0.173754774,0.08841006,349.9449851,14.72334151,12,18.25683419,12.67252282
1.9,0.24,SG115,Pecten complanatus,0.590173392,0.040470915,0.173754774,0.08841006,23.11356922,5.984017085,1,27.7853184,13.96577001
1.38,0.11,SG115,Pecten complanatus,0.55020919,0.040470915,0.173754774,0.08841006,50.3300489,6.942794059,2,42.51801531,16.13722849
1.42,0.27,SG115,Pecten complanatus,0.67017427,0.040470915,0.173754774,0.08841006,60.76434949,,2,3.591018537,10.84432259
0.97,0.38,SG115,Pecten complanatus,0.590208758,0.040470915,0.173754774,0.08841006,81.6329524,,3,27.77318024,13.96406806
0.36,0.24,SG115,Pecten complanatus,0.69931126,0.040470915,0.173754774,0.08841006,92.06725299,,4,-3.873331329,9.986323843
0.6,0.4,SG115,Pecten complanatus,0.650175576,0.040470915,0.173754774,0.08841006,102.5015553,,4,9.088904821,11.5071752
0.27,0.52,SG115,Pecten complanatus,0.650207886,0.040470915,0.173754774,0.08841006,133.8044588,,5,9.079756285,11.50605006
1.749542643,-0.354789497,SG105,Pygocardia rustica,0.705175571,0.044589825,0.064010861,0.030159281,24.38556935,,1,-5.303940203,10.83524857
1.758244822,1.598721644,SG105,Pygocardia rustica,0.688165839,0.044589825,0.064010861,0.030159281,112.5765847,,4,-1.089997047,11.3577281
1.155991492,0.434765486,SG105,Pygocardia rustica,0.609156375,0.044589825,0.064010861,0.030159281,188.7109656,14.72713989,7,21.47383957,14.44809822
1.894260082,0.999134337,SG105,Pygocardia rustica,0.635151709,0.044589825,0.064010861,0.030159281,285.8446291,,10,13.44171029,13.29001643
2.340720145,1.359681485,SG105,Pygocardia rustica,0.639138046,0.044589825,0.064010861,0.030159281,59.26268368,,2,12.26716923,13.12613868
2.348319466,1.238054681,SG105,Pygocardia rustica,0.664133611,0.044589825,0.064010861,0.030159281,337.6367479,,12,5.217692348,12.17125116
1.490262651,0.283116225,SG105,Pygocardia rustica,0.671129176,0.044589825,0.064010861,0.030159281,332.1721402,23.49676562,11,3.336475376,11.92463246
2.204796526,1.702022488,SG105,Pygocardia rustica,0.648120529,0.044589825,0.064010861,0.030159281,294.2755082,13.39159152,10,9.672615359,12.76900211
1.950194817,1.759506229,SG105,Pygocardia rustica,0.705116316,0.044589825,0.064010861,0.030159281,,,1,-5.289598713,10.83699862
2.076892673,1.485639689,SG105,Pygocardia rustica,0.625112103,0.044589825,0.064010861,0.030159281,353.9430202,25.73451097,12,16.46526478,13.71825435
2.329679694,1.240920272,SG105,Pygocardia rustica,0.69010789,0.044589825,0.064010861,0.030159281,358.1729405,49.77223388,12,-1.5811953,11.29596699
1.777902933,0.917794633,SG105,Pygocardia rustica,0.6670997,0.044589825,0.064010861,0.030159281,47.46097078,33.42723391,2,4.415387507,12.06565467
1.769153242,0.279586859,SG105,Pygocardia rustica,0.576095723,0.044589825,0.064010861,0.030159281,223.88186,21.21413294,8,32.73693382,16.18496109
2.019245296,1.668704318,SG105,Pygocardia rustica,0.629091747,0.044589825,0.064010861,0.030159281,210.7369068,,7,15.25533586,13.54578057
1.943704612,1.483087502,SG105,Pygocardia rustica,0.67908777,0.044589825,0.064010861,0.030159281,347.7175064,32.29197863,12,1.24197415,11.65405795
1.72138825,1.348648956,SG105,Pygocardia rustica,0.610080019,0.044589825,0.064010861,0.030159281,84.09077086,51.5266907,3,21.1767887,14.40409319
2.525591991,1.583786352,SG105,Pygocardia rustica,0.646076246,0.044589825,0.064010861,0.030159281,345.8880576,,12,10.25687659,12.84884259
1.774360295,-0.228662246,SG105,Pygocardia rustica,0.640146394,0.044589825,0.064010861,0.030159281,19.07794944,,1,11.97234944,13.08522029
1.402844408,0.646603351,SG105,Pygocardia rustica,0.657151866,0.044589825,0.064010861,0.030159281,100.405161,9.275394806,4,7.134006275,12.42599888
2.448509957,1.433901499,SG105,Pygocardia rustica,0.587156791,0.044589825,0.064010861,0.030159281,17.15235295,65.81917974,1,28.82611363,15.56663376
2.611411602,1.191439877,SG105,Pygocardia rustica,0.655161306,0.044589825,0.064010861,0.030159281,322.8144065,13.6302814,11,7.687655888,12.50026589
2.056233422,0.518701003,SG105,Pygocardia rustica,0.636176965,0.044589825,0.064010861,0.030159281,342.296605,23.90058529,12,13.1382427,13.24754293
2.357558021,1.76353883,SG105,Pygocardia rustica,0.650182398,0.044589825,0.064010861,0.030159281,315.9581539,9.820500023,11,9.08697292,12.68931107
1.750626973,1.372357737,SG105,Pygocardia rustica,0.681187681,0.044589825,0.064010861,0.030159281,74.65316973,11.27988725,3,0.697220844,11.58437214
2.315319412,1.633643105,SG105,Pygocardia rustica,0.70120187,0.044589825,0.064010861,0.030159281,,,1,-4.337050005,10.9536636
1.797462888,0.411796983,SG105,Pygocardia rustica,0.749207303,0.044589825,0.064010861,0.030159281,87.72481568,30.43384203,3,-15.36360714,9.654091348
2.102701468,0.882738223,SG105,Pygocardia rustica,0.681212284,0.044589825,0.064010861,0.030159281,184.1975349,,7,0.690857578,11.58355981
1.796449109,-0.13541753,SG105,Pygocardia rustica,0.607223471,0.044589825,0.064010861,0.030159281,19.07794944,,1,22.09839732,14.54091797
2.459573733,1.554002066,SG105,Pygocardia rustica,0.62423007,0.044589825,0.064010861,0.030159281,17.15235295,65.81917974,1,16.73549632,13.75697813
2.53419523,1.235638217,SG105,Pygocardia rustica,0.650236331,0.044589825,0.064010861,0.030159281,322.8144065,13.6302814,11,9.07170306,12.68723775
2.155604551,1.490936273,SG105,Pygocardia rustica,0.63630875,0.044589825,0.064010861,0.030159281,303.3680818,39.62768439,10,13.0993051,13.24209987
1.883904122,0.90326775,SG105,Pygocardia rustica,0.833314503,0.044589825,0.064010861,0.030159281,59.26268368,,2,-31.79422086,7.916854996
2.513971383,1.328799211,SG105,Pygocardia rustica,0.660327477,0.044589825,0.064010861,0.030159281,341.7624028,,12,6.257488297,12.30903422
2.06663213,1.524635838,SG105,Pygocardia rustica,0.724741337,0.044589825,0.064010861,0.030159281,315.9581539,9.820500023,11,-9.917096197,10.28216559
1.783792066,0.470152051,SG105,Pygocardia rustica,0.595705192,0.044589825,0.064010861,0.030159281,87.72481568,30.43384203,3,25.90436183,15.11533145
2.235053897,1.460125973,SG105,Pygocardia rustica,0.600321646,0.044589825,0.064010861,0.030159281,17.15235295,65.81917974,1,24.36135765,14.88062853
1.606976025,0.324908778,SG105,Pygocardia rustica,0.582334024,0.044589825,0.064010861,0.030159281,342.296605,23.90058529,12,30.51274542,15.83128904
1.38576458,1.294469791,SG105,Pygocardia rustica,0.665925369,0.044589825,0.064010861,0.030159281,144.5132097,16.66944535,5,4.732204967,12.10727862
1.190072966,1.044497231,SG105,Pygocardia rustica,0.735934649,0.044589825,0.064010861,0.030159281,134.3899131,15.29587571,5,-12.45135777,9.986599189
2.503838948,1.378773962,SG105,Pygocardia rustica,0.556249057,0.044589825,0.064010861,0.030159281,59.26268368,,2,40.15212442,17.40298255
2.281341887,1.137205537,SG105,Pygocardia rustica,0.689257775,0.044589825,0.064010861,0.030159281,284.7528871,,10,-1.36650546,11.32293314
1.464852471,1.01312064,SG105,Pygocardia rustica,0.642266774,0.044589825,0.064010861,0.030159281,78.26515145,,3,11.35536294,12.99986816
1.288025754,1.297739401,SG105,Pygocardia rustica,0.584282284,0.044589825,0.064010861,0.030159281,144.5132097,16.66944535,5,29.82799858,15.72347634
2.411176835,1.337010987,SG105,Pygocardia rustica,0.617290071,0.044589825,0.064010861,0.030159281,59.26268368,,2,18.88845523,14.0681497
2.531760392,1.336761453,SG105,Pygocardia rustica,0.714296106,0.044589825,0.064010861,0.030159281,284.7528871,,10,-7.484295762,10.5714008
1.594673404,1.08055237,SG105,Pygocardia rustica,0.716302335,0.044589825,0.064010861,0.030159281,78.26515145,,3,-7.956801126,10.51480032
1.671230767,0.454467761,SG105,Pygocardia rustica,0.63831442,0.044589825,0.064010861,0.030159281,305.615787,21.38584431,10,12.50866021,13.15972009
2.201972449,1.747347682,SG105,Pygocardia rustica,0.65732111,0.044589825,0.064010861,0.030159281,287.0839004,15.50462026,10,7.087084189,12.41971849
2.241469343,1.900771393,SG105,Pygocardia rustica,0.661326427,0.044589825,0.064010861,0.030159281,38.88112604,18.84513716,2,5.983458371,12.27262062
2.279905771,1.466748086,SG105,Pygocardia rustica,0.665331916,0.044589825,0.064010861,0.030159281,348.0295189,43.95006791,12,4.892723104,12.12840479
1.804098079,0.54536679,SG105,Pygocardia rustica,0.646349538,0.044589825,0.064010861,0.030159281,305.615787,21.38584431,10,10.17855916,12.83812077
2.2786385,1.24504294,SG105,Pygocardia rustica,0.707354701,0.044589825,0.064010861,0.030159281,348.0295189,43.95006791,12,-5.829761507,10.77121584
2.590044353,1.675140937,SG105,Pygocardia rustica,0.647360031,0.044589825,0.064010861,0.030159281,354.1393674,45.52117169,12,9.88954529,12.79860665
2.1,1.31,SG107,,,,0.048,0.063,314.3536374,8.534526923,11,,
2.5,1.63,SG107,,,,0.048,0.063,356.9982565,3.704607985,12,,
2.11,1.44,SG107,,,,0.048,0.063,48.46247498,6.799466899,2,,
1.68,0.94,SG107,,,,0.048,0.063,74.36375491,9.880553672,3,,
1.35,0.98,SG107,,,,0.048,0.063,84.68714002,5.149913837,3,,
1.48,1.28,SG107,,,,0.048,0.063,96.52088478,5.676382461,4,,
1.21,1.32,SG107,,,,0.048,0.063,96.52088478,5.676382461,4,,
1.23,0.95,SG107,,,,0.048,0.063,119.4329206,9.226309016,4,,
0.94,0.77,SG107,,,,0.048,0.063,179.0315351,7.633334627,6,,
1.16,0.74,SG107,,,,0.048,0.063,258.8444314,6.8052127,9,,
1.73,1.21,SG107,,,,0.048,0.063,302.0327601,5.683583985,10,,
2.57,0.83,SG107,,,,0.048,0.063,327.5310585,3.545875231,11,,
2.6,0.89,SG107,,,,0.048,0.063,2.226124363,4.470886582,1,,
2.75,1.53,SG107,,,,0.048,0.063,364.7103907,,12,,
2.66,1.28,SG107,,,,0.048,0.063,3.941120502,3.701728159,1,,
2.58,1.12,SG107,,,,0.048,0.063,3.941120502,3.701728159,1,,
2.62,1.11,SG107,,,,0.048,0.063,20.40653876,2.374978697,1,,
2.55,1.12,SG107,,,,0.048,0.063,25.27534626,2.747994891,1,,
2.46,0.92,SG107,,,,0.048,0.063,57.34701979,5.150577539,2,,
2.51,1.33,SG107,,,,0.084,0.075,63.81347371,6.029724011,3,,
2.56,1.18,SG107,,,,0.048,0.063,60.21818286,6.973049765,2,,
2.49,1.23,SG107,,,,0.084,0.075,60.21818286,6.973049765,2,,
1.9,1.01,SG107,,,,0.048,0.063,85.17251241,6.896933958,3,,
1.21,1.07,SG107,,,,0.084,0.075,85.17251241,6.896933958,3,,
1.87,0.98,SG107,,,,0.048,0.063,85.17251241,6.896933958,3,,
0.48,0.41,SG107,,,,0.084,0.075,128.5306147,15.2182764,5,,
0.82,0.51,SG107,,,,0.084,0.075,142.5521113,18.10671447,5,,
2.67,1.24,SG107,,,,0.084,0.075,40.80639898,20.25770043,2,,
2.47,0.96,SG107,,,,0.084,0.075,49.90019399,10.43243183,2,,
2.59,1.17,SG107,,,,0.084,0.075,49.90019399,10.43243183,2,,
1.96,0.23,SG107,,,,0.084,0.075,101.3424786,17.60170325,4,,
2.05,0.39,SG107,,,,0.084,0.075,108.8435386,18.87960392,4,,
0.76,0.12,SG107,,,,0.084,0.075,195.5316812,16.59237034,7,,
1.81,0.58,SG107,,,,0.084,0.075,264.9464405,16.86147895,9,,
2.62,1.16,SG107,,,,0.084,0.075,298.928584,15.72725847,10,,
2.42,1,SG107,,,,0.084,0.075,298.928584,15.72725847,10,,
2.91,1.16,SG107,,,,0.084,0.075,334.2538355,21.239029,11,,
2.65,0.8,SG107,,,,0.084,0.075,314.0299251,20.63891817,11,,
2.86,0.93,SG107,,,,0.084,0.075,336.396533,18.64373883,12,,
2.85,0.82,SG107,,,,0.084,0.075,352.6452298,18.39107292,12,,
2.43,0.46,SG107,,,,0.084,0.075,61.07578717,,3,,
1.64,0.04,SG107,,,,0.084,0.075,229.2020653,,8,,
2.41,1.35,SG107,,,,0.048,0.063,283.3330059,75.60601714,10,,
2.1,1.51,SG107,,,,0.048,0.063,271.2313344,69.14433868,9,,
2.34,1.84,SG107,,,,0.048,0.063,240.2141638,64.62013555,8,,
2.07,1.49,SG107,,,,0.048,0.063,270.0391611,59.43966749,9,,
2.23,1.42,SG107,,,,0.048,0.063,226.0171334,54.86670115,8,,
2.17,1.66,SG107,,,,0.048,0.063,226.0171334,54.86670115,8,,
1.96,1.3,SG107,,,,0.048,0.063,202.8826532,44.54587802,7,,
2.12,1.56,SG107,,,,0.048,0.063,183.0228217,40.28355547,7,,
1.98,1.44,SG107,,,,0.048,0.063,176.1151022,36.19310443,6,,
1.78,1.67,SG107,,,,0.048,0.063,166.4781535,31.76990329,6,,
1.79,1.5,SG107,,,,0.048,0.063,198.2523686,28.38342966,7,,
1.48,1.31,SG107,,,,0.048,0.063,1.80644679,25.24858518,1,,
1.58,1.38,SG107,,,,0.048,0.063,268.5586487,22.40076423,9,,
1.39,1.24,SG107,,,,0.048,0.063,328.1865163,19.83757267,11,,
1.34,1.29,SG107,,,,0.048,0.063,221.0905272,15.11908799,8,,
1.06,0.81,SG107,,,,0.048,0.063,166.7078455,10.85881593,6,,
1.13,0.78,SG107,,,,0.048,0.063,166.7078455,10.85881593,6,,
2.73,1.57,SG107,,,,0.084,0.075,285.5701173,82.59369706,10,,
2.79,1.69,SG107,,,,0.084,0.075,285.5701173,82.59369706,10,,
2.56,1.7,SG107,,,,0.084,0.075,301.6003574,89.51389316,10,,
2.57,1.86,SG107,,,,0.084,0.075,334.7887576,92.24719881,11,,
2.87,1.97,SG107,,,,0.084,0.075,333.2001189,81.13342315,11,,
2.74,1.81,SG107,,,,0.084,0.075,363.1400767,26.69916546,12,,
2.02,1.89,SG107,,,,0.084,0.075,288.9699962,,10,,
1.7,1.95,SG116,,,,0.087,0.138,362.8653903,,12,,
1.48,2.15,SG116,,,,0.087,0.138,63.51791756,,3,,
1.33,2.09,SG116,,,,0.087,0.138,63.51791756,,3,,
1.33,-4.64,SG116,,,,0.087,0.138,,,1,,
0.94,2.09,SG116,,,,0.087,0.138,89.15045018,284.4832778,3,,
0.84,2.32,SG116,,,,0.087,0.138,202.1940908,204.2775082,7,,
1.48,2.2,SG116,,,,0.087,0.138,205.5490246,207.2702504,7,,
1.58,1.76,SG116,,,,0.087,0.138,209.7133601,178.6833032,7,,
1.37,2.48,SG116,,,,0.087,0.138,238.6017351,140.6656684,8,,
1.36,2.44,SG116,,,,0.087,0.138,238.6017351,140.6656684,8,,
0.89,2.4,SG116,,,,0.087,0.138,179.6179435,101.2175158,6,,
0.85,2.37,SG116,,,,0.087,0.138,128.284061,75.20535283,5,,
1.55,2.46,SG116,,,,0.087,0.138,335.1048534,61.47614412,11,,
1.43,2.31,SG116,,,,0.087,0.138,335.1048534,61.47614412,11,,
1.95,2.25,SG116,,,,0.087,0.138,346.8200425,25.92812061,12,,
2.05,1.73,SG116,,,,0.087,0.138,14.31806866,19.24116893,1,,
0.97,1.98,SG116,,,,0.087,0.138,99.81288725,24.52163416,4,,
1.14,2.69,SG116,,,,0.087,0.138,99.81288725,24.52163416,4,,
0.8,2.43,SG116,,,,0.087,0.138,71.22635487,19.48307325,3,,
0.57,2.4,SG116,,,,0.087,0.138,168.009,13.9627025,6,,
1.49,2.05,SG116,,,,0.087,0.138,299.7283579,20.04149378,10,,
1.67,2.04,SG116,,,,0.087,0.138,308.4540201,36.36611737,11,,
1.28,2.13,SG116,,,,0.087,0.138,33.9809742,48.83208449,2,,
1,1.82,SG116,,,,0.087,0.138,33.9809742,48.83208449,2,,
1.08,2.48,SG116,,,,0.087,0.138,190.0096035,30.59834034,7,,
1.6,2.28,SG116,,,,0.087,0.138,316.6645683,17.15921425,11,,
2.62,2.04,SG116,,,,0.087,0.138,319.3214851,18.78194332,11,,
1.44,2.39,SG116,,,,0.087,0.138,78.82843549,18.89194912,3,,
0.89,2.52,SG116,,,,0.087,0.138,135.3209867,12.1649165,5,,
0.71,2.37,SG116,,,,0.087,0.138,179.5794759,11.92514535,6,,
1.04,2.56,SG116,,,,0.087,0.138,179.5794759,11.92514535,6,,
0.89,2.32,SG116,,,,0.087,0.138,234.6491262,12.29835019,8,,
2.49,2.32,SG116,,,,0.087,0.138,108.749299,49.74557509,4,,
2.14,1.93,SG116,,,,0.087,0.138,220.9364549,46.70303947,8,,
1.35,2.27,SG116,,,,0.087,0.138,62.07090402,37.10304771,3,,
1.1,2.02,SG116,,,,0.087,0.138,87.04341825,22.42826255,3,,
1.28,2.16,SG116,,,,0.087,0.138,87.04341825,22.42826255,3,,
0.65,2.13,SG116,,,,0.087,0.138,155.2858262,12.01728007,6,,
0.67,1.78,SG116,,,,0.087,0.138,202.7189701,5.194808685,7,,
0.91,2.01,SG116,,,,0.087,0.138,228.635863,4.715388575,8,,
1.88,2.19,SG116,,,,0.087,0.138,236.5194331,7.65102925,8,,
1.84,2.26,SG116,,,,0.087,0.138,236.5194331,7.65102925,8,,
2.18,1.89,SG116,,,,0.087,0.138,271.7974658,6.156149871,9,,
1.71,2.05,SG117,,,,0.087,0.138,,,1,,
2.04,2.25,SG117,,,,0.087,0.138,,,1,,
2.26,2.14,SG117,,,,0.087,0.138,,,1,,
0.69,2.07,SG117,,,,0.087,0.138,,,1,,
0.52,2.06,SG117,,,,0.087,0.138,,,1,,
0.29,1.74,SG117,,,,0.087,0.138,,,1,,
0.45,2.16,SG117,,,,0.087,0.138,,,1,,
0.39,2.15,SG117,,,,0.087,0.138,,,1,,
0.43,2.05,SG117,,,,0.087,0.138,,,1,,
1.41,1.97,SG117,,,,0.087,0.138,,,1,,
1.84,1.81,SG117,,,,0.087,0.138,,,1,,
0.72,1.91,SG117,,,,0.087,0.138,,,1,,
0.82,2,SG117,,,,0.087,0.138,,,1,,
0.76,2.36,SG117,,,,0.087,0.138,,,1,,
0.14,2.28,SG117,,,,0.087,0.138,,,1,,
0.04,2.02,SG117,,,,0.087,0.138,,,1,,
0.12,1.68,SG117,,,,0.087,0.138,,,1,,
0.22,1.54,SG117,,,,0.087,0.138,,,1,,
0.28,2.2,SG117,,,,0.087,0.138,,,1,,
0.8,2.16,SG117,,,,0.087,0.138,,,1,,
1.78,1.98,SG117,,,,0.087,0.138,,,1,,
3.04,1.66,SG121,,,,0.084,0.075,98.38629581,,4,,
2.52,1.67,SG121,,,,0.084,0.075,98.38629581,,4,,
2.91,1.72,SG121,,,,0.084,0.075,106.3842785,19.07319619,4,,
2.77,1.53,SG121,,,,0.084,0.075,120.0965585,25.05998721,4,,
2.85,2.19,SG121,,,,0.084,0.075,125.0403229,18.58292506,5,,
2.73,2.4,SG121,,,,0.084,0.075,140.0144564,11.19200124,5,,
2.54,2.34,SG121,,,,0.084,0.075,161.9389115,13.87573788,6,,
2.32,2.19,SG121,,,,0.084,0.075,210.2347919,9.656471701,7,,
2.6,1.86,SG121,,,,0.084,0.075,228.2022594,13.2307751,8,,
2.78,2.16,SG121,,,,0.084,0.075,262.5529242,13.02094237,9,,
2.48,1.48,SG121,,,,0.084,0.075,285.5719128,11.36040554,10,,
2.67,1.73,SG121,,,,0.084,0.075,285.5719128,11.36040554,10,,
2.88,1.31,SG121,,,,0.084,0.075,296.6443003,15.23548051,10,,
3.02,1.62,SG121,,,,0.084,0.075,338.3617883,24.88631876,12,,
2.93,1.95,SG121,,,,0.084,0.075,333.3361168,35.77785401,11,,
2.93,2.24,SG121,,,,0.084,0.075,232.3634413,47.17572803,8,,
2.85,2.2,SG121,,,,0.084,0.075,56.33278035,26.7674495,2,,
2.25,1.59,SG121,,,,0.084,0.075,178.9882874,32.60258649,6,,
2.73,2.07,SG121,,,,0.048,0.063,127.827843,33.04964945,5,,
2.54,2.25,SG121,,,,0.048,0.063,147.1901478,28.88661522,5,,
3,2.14,SG121,,,,0.048,0.063,265.7531226,19.34726813,9,,
3.18,2.19,SG121,,,,0.048,0.063,318.8632146,9.615219527,11,,
3.26,2.12,SG121,,,,0.048,0.063,213.1596101,15.37637058,7,,
3.2,2.12,SG121,,,,0.048,0.063,99.62191446,45.05775923,4,,
3.45,2.35,SG121,,,,0.048,0.063,215.0651209,47.10034284,8,,
3.15,2.27,SG121,,,,0.048,0.063,74.96313592,26.29084359,3,,
3.24,2.13,SG121,,,,0.048,0.063,74.96313592,26.29084359,3,,
2.9,2.21,SG121,,,,0.048,0.063,77.42660754,32.55981926,3,,
3,2.29,SG121,,,,0.048,0.063,82.24146298,26.27623616,3,,
3.05,2.4,SG121,,,,0.048,0.063,87.88726231,20.53800123,3,,
2.98,2.36,SG121,,,,0.048,0.063,91.51276533,19.02120003,3,,
2.88,2.41,SG121,,,,0.048,0.063,97.19756094,17.52548338,4,,
2.78,2.31,SG121,,,,0.048,0.063,102.4835774,16.68182634,4,,
2.75,2.48,SG121,,,,0.048,0.063,102.4835774,16.68182634,4,,
2.79,2.68,SG121,,,,0.048,0.063,130.5809285,16.50737219,5,,
2.63,2.36,SG121,,,,0.048,0.063,113.6513887,20.36991954,4,,
2.76,2.61,SG121,,,,0.048,0.063,109.58034,25.71790487,4,,
2.8,2.79,SG121,,,,0.048,0.063,88.56380115,32.1322938,3,,
2.73,2.65,SG121,,,,0.048,0.063,82.76734953,37.61289927,3,,
2.63,2.76,SG121,,,,0.048,0.063,81.93495545,34.26574552,3,,
2.63,2.86,SG121,,,,0.048,0.063,88.33997867,,3,,
2.55,2.92,SG121,,,,0.048,0.063,88.33997867,,3,,
2.17,2.31,SG121,,,,0.048,0.063,183.9874042,,7,,
3.29,1.07,SG126,,,,0.07,0.052,48.35768595,,2,,
1.69,0.4,SG126,,,,0.07,0.052,163.6345643,18.25196282,6,,
1.1,0.54,SG126,,,,0.07,0.052,205.3836672,25.50875012,7,,
0.76,0.84,SG126,,,,0.07,0.052,284.2191651,33.75517815,10,,
0.9,0.8,SG126,,,,0.07,0.052,290.6746023,50.3009911,10,,
1.29,0.75,SG126,,,,0.07,0.052,90.35533392,42.68275936,3,,
1.78,0.57,SG126,,,,0.07,0.052,96.07717302,36.23899248,4,,
2.86,0.3,SG126,,,,0.07,0.052,40.53978759,19.76806328,2,,
1.61,0.06,SG126,,,,0.07,0.052,119.0884859,19.17778292,4,,
0.96,0.16,SG126,,,,0.07,0.052,126.4104957,21.32097603,5,,
1.37,0.06,SG126,,,,0.07,0.052,129.9717924,23.54914148,5,,
0.91,-0.26,SG126,,,,0.07,0.052,138.4886301,26.42276628,5,,
1.27,0.63,SG126,,,,0.07,0.052,155.4258326,20.84729242,6,,
1.21,0.72,SG126,,,,0.07,0.052,308.4991586,17.68427999,11,,
3.07,0.93,SG126,,,,0.07,0.052,6.26896213,25.33236064,1,,
2.59,0.88,SG126,,,,0.07,0.052,13.97235947,17.5145904,1,,
1.54,0.47,SG126,,,,0.07,0.052,102.9444133,16.85904928,4,,
1.05,0.2,SG126,,,,0.07,0.052,150.2693656,17.22117742,5,,
0.6,0.79,SG126,,,,0.07,0.052,153.0044688,32.86674936,6,,
0.81,0.99,SG126,,,,0.07,0.052,205.9058452,28.31282774,7,,
2.22,0.61,SG126,,,,0.07,0.052,76.45862282,38.54649337,3,,
2.35,0.89,SG126,,,,0.07,0.052,48.17416383,21.34606791,2,,
2.04,1.28,SG126,,,,0.07,0.052,39.23865165,21.32507902,2,,
1.62,1.3,SG126,,,,0.07,0.052,110.2524653,15.53221064,4,,
1.06,1.34,SG126,,,,0.07,0.052,127.680258,20.34038546,5,,
0.82,1.3,SG126,,,,0.07,0.052,119.6444295,22.14282104,4,,
0.53,0.95,SG126,,,,0.07,0.052,127.5039661,21.80230239,5,,
1.73,0.5,SG126,,,,0.07,0.052,13.43195167,17.31102729,1,,
2.67,0.81,SG126,,,,0.07,0.052,341.5980298,30.39972873,12,,
2.31,1.06,SG126,,,,0.07,0.052,357.1505103,29.09241172,12,,
1.75,1.09,SG126,,,,0.07,0.052,116.5534983,31.8317604,4,,
0.87,0.51,SG126,,,,0.07,0.052,196.0751899,29.74479182,7,,
1.78,-0.13,SG126,,,,0.07,0.052,232.6652509,23.77221702,8,,
0.97,0.61,SG126,,,,0.07,0.052,271.1211386,21.885519,9,,
1.68,0.57,SG126,,,,0.07,0.052,261.4493311,29.28243472,9,,
0.92,0.83,SG126,,,,0.07,0.052,274.7521999,27.63183222,9,,
2.54,1.02,SG126,,,,0.07,0.052,275.8460114,27.81311401,10,,
2.34,0.63,SG126,,,,0.07,0.052,294.823204,38.89616074,10,,
0.79,0.3,SG126,,,,0.07,0.052,291.1019959,43.3081651,10,,
1.04,1.09,SG126,,,,0.07,0.052,302.0173628,26.68994694,10,,
1.44,1.09,SG126,,,,0.07,0.052,311.5228328,34.11322787,11,,
1.93,0.94,SG126,,,,0.07,0.052,23.34240809,25.53973317,1,,
1.5,-0.16,SG126,,,,0.07,0.052,278.1639523,43.82182201,10,,
1.21,-0.57,SG126,,,,0.07,0.052,10.58681286,58.62502102,1,,
1.33,0.17,SG126,,,,0.07,0.052,29.95202079,76.36062775,1,,
1.4,0.44,SG126,,,,0.07,0.052,43.04459889,77.89123319,2,,
1.58,0.32,SG126,,,,0.07,0.052,86.36627446,76.42771709,3,,
1.26,-0.4,SG126,,,,0.07,0.052,64.3085596,81.86439992,3,,
0.57,0.5,SG126,,,,0.07,0.052,115.5561162,85.98038513,4,,
0.3,0.14,SG126,,,,0.07,0.052,108.2079168,112.8735649,4,,
1.56,0.18,SG126,,,,0.07,0.052,105.5241968,89.97796414,4,,
1.01,-1.43,SG126,,,,0.07,0.052,129.5777523,,5,,
0.84,-0.5,SG126,,,,0.07,0.052,132.6219962,,5,,
0.64,-1.81,SG126,,,,0.07,0.052,148.6983311,,5,,
2.46,-0.16,SG126,,,,0.07,0.052,40.53978759,19.76806328,2,,
0.99,0.22,SG126,,,,0.07,0.052,150.2693656,17.22117742,5,,
0.42,0.92,SG126,,,,0.07,0.052,127.5039661,21.80230239,5,,
1.97,0.24,SG126,,,,0.07,0.052,294.823204,38.89616074,10,,
1.25,-0.16,SG126,,,,0.07,0.052,64.3085596,81.86439992,3,,
1.22,1.16,SG127,,,,0.07,0.052,89.27334942,,3,,
0.8,0.53,SG127,,,,0.07,0.052,171.0228996,65.38311289,6,,
1,0.78,SG127,,,,0.07,0.052,260.1183561,49.62029524,9,,
1.24,0.91,SG127,,,,0.07,0.052,291.4997249,92.29949965,10,,
2.17,0.85,SG127,,,,0.07,0.052,266.6463295,74.12057806,9,,
